id,algorithm,simulations,iterations,interswap,total_swap,states_visited,seed,file,burn_in,model,p,bf,t1,t2,t3,t4,t5,t6,t7,t8,t9,t10,t11,t12,t13,t14,t15,t16,t17,t18,t19,t20,start_state,reduc_constant,reduc_model,comments,Servers comments,
1,PT_A_IIT,2,NA,1000,50,20,35,G1,1000,gset,,sq,1,0.6,0.4,,,,,,,,,,,,,,,,,,-1,,,Swap rate of 0.5,,
2,PT_IIT_Z,2,50000,1000,NA,20,445,G1,1000,gset,,sq,1,0.6,0.4,,,,,,,,,,,,,,,,,,-1,,,Swap rate of 1,,
3,PT_IIT_no_Z,2,50000,1000,NA,20,445,G1,1000,gset,,sq,1,0.6,0.4,,,,,,,,,,,,,,,,,,-1,,,Swap rate of 1,,
4,PT_IIT_Z,2,50000,1000,NA,20,445,G1,1000,gset,,sq,1,0.7,0.5,,,,,,,,,,,,,,,,,,-1,,,Swap rate of 1,,
5,PT_IIT_no_Z,2,50000,1000,NA,20,445,G1,1000,gset,,sq,1,0.7,0.5,,,,,,,,,,,,,,,,,,-1,,,Swap rate of 1,,
6,PT_A_IIT,2,NA,1000,50,20,445,G1,1000,gset,,sq,1,0.7,0.5,,,,,,,,,,,,,,,,,,-1,,,Swap rate of 0.5,,
7,PT_IIT_Z,2,50000,1000,NA,20,445,G1,1000,gset,,sq,1,0.5,0.25,,,,,,,,,,,,,,,,,,-1,,,Swap rate of 1,,
8,PT_IIT_no_Z,2,50000,1000,NA,20,445,G1,1000,gset,,sq,1,0.5,0.25,,,,,,,,,,,,,,,,,,-1,,,Swap rate of 1,,
9,PT_A_IIT,2,NA,1000,50,20,445,G1,1000,gset,,sq,1,0.5,0.25,,,,,,,,,,,,,,,,,,-1,,,Swap rate of 0.5,,
10,PT_IIT_Z,2,50000,1000,NA,20,445,G1,1000,gset,,sq,1,0.75,0.55,,,,,,,,,,,,,,,,,,-1,,,Swap rate of 1,,
11,PT_IIT_no_Z,2,50000,1000,NA,20,445,G1,1000,gset,,sq,1,0.75,0.55,,,,,,,,,,,,,,,,,,-1,,,Swap rate of 1,,
12,PT_A_IIT,2,NA,1000,50,20,445,G1,1000,gset,,sq,1,0.75,0.55,,,,,,,,,,,,,,,,,,-1,,,Swap rate of 1,,
13,PT_A_IIT,2,NA,1000,50,20,654,G1,3000,gset,,sq,1,0.3,0.09,,,,,,,,,,,,,,,,,,-1,,,still big swap rate,,
14,PT_IIT_Z,2,50000,1000,NA,20,654,G1,3000,gset,,sq,1,0.1,0.0001,,,,,,,,,,,,,,,,,,-1,,,still big swap rate,,
15,PT_IIT_no_Z,2,50000,1000,NA,20,654,G1,3000,gset,,sq,1,0.1,0.0001,,,,,,,,,,,,,,,,,,-1,,,still big swap rate,,
16,PT_IIT_Z,50,500000,2500,NA,20,669,G1,2500,gset,,sq,1,0.18,0.09,,,,,,,,,,,,,,,,,,-1,,,,,
17,PT_IIT_no_Z,50,500000,2500,NA,20,669,G1,2500,gset,,sq,1,0.18,0.09,,,,,,,,,,,,,,,,,,-1,,,,,
18,PT_A_IIT,50,NA,2500,200,20,669,G1,2500,gset,,sq,1,0.18,0.09,,,,,,,,,,,,,,,,,,-1,,,,,
19,PT_IIT_Z,1,10000,500,NA,20,1,G1,3000,gset,,sq,1,0.1,0.0001,,,,,,,,,,,,,,,,,,-1,,,,,
20,PT_IIT_Z,1,10000,500,NA,20,1,G1,3000,gset,,sq,1,0.1,0.0001,,,,,,,,,,,,,,,,,,-1,,,,,
21,PT_IIT_Z,1,10000,500,NA,20,1,G1,3000,gset,,sq,1,0.1,0.0001,,,,,,,,,,,,,,,,,,-1,,,,,
22,PT_IIT_Z,1,10000,500,NA,20,1,G1,3000,gset,,sq,1,0.1,0.0001,,,,,,,,,,,,,,,,,,-1,,,,,
23,PT_IIT_Z,1,10000,500,NA,20,1,G1,3000,gset,,sq,1,0.1,0.0001,,,,,,,,,,,,,,,,,,-1,,,,,
24,PT_IIT_Z,1,10000,500,NA,20,1,G1,3000,gset,,sq,1,0.1,0.0001,,,,,,,,,,,,,,,,,,-1,,,,,
25,PT_IIT_Z,1,10000,500,NA,20,450,G1,3000,gset,,sq,100,50,1,,,,,,,,,,,,,,,,,,-1,,,,,
26,PT_IIT_Z,1,10000,500,NA,20,450,G1,3000,gset,,sq,20,10,1,,,,,,,,,,,,,,,,,,-1,,,,,
27,PT_IIT_Z,1,10000,500,NA,20,1,G1,1000,gset,,sq,280,140,1,,,,,,,,,,,,,,,,,,-1,,,,,
28,PT_IIT_Z,3,50000,500,NA,20,555,G1,3000,gset,,sq,320,140,1,,,,,,,,,,,,,,,,,,-1,,,,,
29,PT_IIT_Z,50,75000,500,NA,20,741,G1,3000,gset,,sq,380,190,1,,,,,,,,,,,,,,,,,,-1,,,Este ha encontrado el maximo en likelihood 9914,,
30,PT_A_IIT,50,NA,500,150,20,741,G1,3000,gset,,sq,380,190,1,,,,,,,,,,,,,,,,,,-1,,,these are good temperatures,,
31,PT_IIT_Z,50,75000,500,NA,20,741,G1,3000,gset,,sq,400,200,1,,,,,,,,,,,,,,,,,,-1,,,,,
32,PT_A_IIT,50,NA,500,150,20,741,G1,3000,gset,,sq,400,200,1,,,,,,,,,,,,,,,,,,-1,,,,,
33,PT_A_IIT_RF,1,10000,500,NA,5,99,G1,1000,bimodal,800,sq,280,140,1,,,,,,,,,,,,,,,,,,-1,,,,,
34,PT_A_IIT,1,NA,500,20,5,99,G1,1000,bimodal,800,sq,280,140,1,,,,,,,,,,,,,,,,,,-1,,,tambien marca errores en la geometrica log bound 297-595,,
35,PT_IIT_Z,1,10000,500,NA,5,99,G1,1000,bimodal,800,sq,280,140,1,,,,,,,,,,,,,,,,,,-1,,,,,
36,PT_IIT_Z,1,10000,500,NA,5,78,G1,1000,bimodal,800,min,280,140,1,,,,,,,,,,,,,,,,,,-1,,,,,
37,PT_IIT_Z,1,10000,500,NA,5,78,G1,1000,gset,,min,280,140,1,,,,,,,,,,,,,,,,,,-1,,,,,
38,PT_A_IIT,50,NA,1000,75,20,741,G1,5000,bimodal,800,sq,384,193,1,,,,,,,,,,,,,,,,,,-1,,,marca errores en la geometrica,,
39,PT_IIT_Z,50,75000,1000,NA,20,741,G1,5000,bimodal,800,sq,450,225,1,,,,,,,,,,,,,,,,,,-1,,,,,
40,PT_A_IIT_RF,50,75000,1000,NA,20,741,G1,5000,bimodal,800,sq,450,225,1,,,,,,,,,,,,,,,,,,-1,,,,,
41,PT_IIT_Z,10,75000,1000,NA,5,111,G1,5000,bimodal,800,sq,450,225,1,,,,,,,,,,,,,,,,,,-1,,,,,
42,PT_A_IIT_RF,10,75000,1000,NA,5,111,G1,5000,bimodal,800,sq,450,225,1,,,,,,,,,,,,,,,,,,-1,,,,,
43,PT_IIT_Z,1,10000000,500,NA,5,9978,G1,0,gset,,sq,780,520,260,1,,,,,,,,,,,,,,,,,-1,,,"pt7, creo que está muy grande 10millones",,
44,PT_A_IIT,1,NA,500,20000,5,9978,G1,0,gset,,sq,570,380,190,1,,,,,,,,,,,,,,,,,-1,,,pt8 Using temperatures from 30,,
45,PT_IIT_Z,1,1000000,500,NA,5,9978,G1,0,gset,,sq,780,520,260,1,,,,,,,,,,,,,,,,,-1,,,pt8,,
46,PT_A_IIT,1,NA,500,10,5,654,G1,1000,gset,,sq,0.5,1,190,380,570,,,,,,,,,,,,,,,,-1,,,To test more temperatures,,
47,PT_IIT_Z,1,5000,500,NA,5,987,G1,1000,gset,,sq,0.005,1,260,520,780,,,,,,,,,,,,,,,,-1,,,To test more temperatures,,
48,PT_A_IIT,1,NA,500,200,5,911,G1,1000,bimodal,800,sq,1,0.5,0.05,0.001,,,,,,,,,,,,,,,,,-1,,,To test more temperatures,,
49,PT_IIT_Z,1,100000,500,NA,5,911,G1,1000,bimodal,800,sq,1,0.5,0.05,0.001,,,,,,,,,,,,,,,,,-1,,,To test more temperatures,,
50,PT_A_IIT,1,NA,500,200,5,456,G1,1000,bimodal,200,sq,1,0.5,0.05,0.001,,,,,,,,,,,,,,,,,-1,,,swap rate of 0.5,,
51,PT_IIT_Z,1,100000,500,NA,5,456,G1,1000,bimodal,200,sq,1,0.5,0.05,0.001,,,,,,,,,,,,,,,,,-1,,,swap rate of 1,,
52,PT_A_IIT,1,NA,500,200,5,456,G1,1000,bimodal,200,sq,1,0.3,0.01,0.0001,,,,,,,,,,,,,,,,,-1,,,swap rate of 0.5,,
53,PT_IIT_Z,1,100000,500,NA,5,456,G1,1000,bimodal,200,sq,1,0.3,0.01,0.0001,,,,,,,,,,,,,,,,,,,,swap rate of 1,,
54,PT_A_IIT,1,NA,500,400,5,456,,10000,bimodal,200,sq,1,0.23,0.001,,,,,,,,,,,,,,,,,,,,,swap rate of 0.48 ,,
55,PT_IIT_Z,1,200000,500,NA,5,456,,10000,bimodal,200,sq,1,0.1,0.001,,,,,,,,,,,,,,,,,,,,,swap rate of 0.95,,
56,PT_A_IIT,1,NA,1000,400,5,3,,20000,bimodal,200,sq,10,1,0.001,,,,,,,,,,,,,,,,,,,,,,,
57,PT_IIT_Z,1,400000,1000,NA,5,3,,20000,bimodal,200,sq,10,1,0.001,,,,,,,,,,,,,,,,,,,,,,,
58,PT_A_IIT,1,NA,1000,400,5,3,,20000,bimodal,200,sq,8,1,0.00001,,,,,,,,,,,,,,,,,,,,,,,
59,PT_IIT_Z,1,400000,1000,NA,5,3,,20000,bimodal,200,sq,12,1,0.00001,,,,,,,,,,,,,,,,,,,,,,,
60,PT_A_IIT,1,NA,1000,1000,5,3,,40000,bimodal,200,sq,7.5,1,0.00001,,,,,,,,,,,,,,,,,,,,,"swap rate 0.32, 0.48",,
61,PT_IIT_Z,1,1000000,1000,NA,5,3,,40000,bimodal,200,sq,11,1,0.00001,,,,,,,,,,,,,,,,,,,,,,,
62,PT_A_IIT,1,NA,1000,5000,5,432,,40000,bimodal,200,sq,8,1,0.000000001,,,,,,,,,,,,,,,,,,,,,,,
63,PT_A_IIT,1,NA,1000,5000,5,432,,40000,bimodal,200,sq,25,8,1,0.000000001,,,,,,,,,,,,,,,,,,,,25 is too far,,
64,PT_A_IIT,1,NA,500,2000,5,42,,40000,bimodal,200,sq,20,13,8,1,0.00001,,,,,,,,,,,,,,,,,,,This lowest temperature is enough,,
65,PT_A_IIT,1,,1000,1,3,12,G1,100,gset,,sq,0.005,,,,,,,,,,,,,,,,,,,,-1,0,never,,,
66,PT_IIT_Z,1,1000,1000,,3,12,G1,100,gset,,sq,0.005,,,,,,,,,,,,,,,,,,,,-1,,,,,
67,PT_A_IIT_RF,1,1000,1000,,3,12,G1,100,gset,,sq,0.005,,,,,,,,,,,,,,,,,,,,-1,0,never,,,
68,PT_A_IIT,1,,1000,1,3,12,,100,bimodal,200,sq,0.0001,,,,,,,,,,,,,,,,,,,,-1,0,never,,,
69,PT_IIT_Z,1,1000,1000,,3,12,,100,bimodal,200,sq,0.0001,,,,,,,,,,,,,,,,,,,,-1,,,,,
70,PT_A_IIT_RF,1,1000,1000,,3,12,,100,bimodal,200,sq,0.0001,,,,,,,,,,,,,,,,,,,,-1,0,never,,,
71,PT_A_IIT,1,,2000000,1,3,12,G1,10,gset,,sq,0.001,,,,,,,,,,,,,,,,,,,,-1,0,never,,,
72,PT_A_IIT,1,,2000000,1,3,12,G1,10,gset,,sq,0.003,,,,,,,,,,,,,,,,,,,,-1,0,never,,,
73,PT_A_IIT,1,,2000000,1,3,12,G1,10,gset,,sq,0.005,,,,,,,,,,,,,,,,,,,,-1,0,never,,,
74,PT_A_IIT,1,,2000000,1,3,12,G1,10,gset,,sq,0.007,,,,,,,,,,,,,,,,,,,,-1,0,never,,,
75,PT_A_IIT,1,,2000000,1,3,12,G1,10,gset,,sq,0.01,,,,,,,,,,,,,,,,,,,,-1,0,never,,,
76,PT_IIT_Z,1,2000000,2000000,,3,12,,10,bimodal,200,sq,0.0001,,,,,,,,,,,,,,,,,,,,-1,,,,,
77,PT_IIT_Z,1,2000000,2000000,,3,12,,10,bimodal,200,sq,0.0003,,,,,,,,,,,,,,,,,,,,-1,,,,,
78,PT_IIT_Z,1,2000000,2000000,,3,12,,10,bimodal,200,sq,0.0005,,,,,,,,,,,,,,,,,,,,-1,,,,,
79,PT_IIT_Z,1,2000000,2000000,,3,12,,10,bimodal,200,sq,0.001,,,,,,,,,,,,,,,,,,,,-1,,,,,
80,PT_IIT_Z,1,2000000,2000000,,3,12,,10,bimodal,200,sq,0.0007,,,,,,,,,,,,,,,,,,,,-1,,,,,
81,PT_IIT_Z,1,3000000,3000000,,3,12,G1,10,gset,,sq,0.001,,,,,,,,,,,,,,,,,,,,-1,,,,,
82,PT_IIT_Z,1,3000000,3000000,,3,12,G1,10,gset,,sq,0.003,,,,,,,,,,,,,,,,,,,,-1,,,,,
83,PT_IIT_Z,1,3000000,3000000,,3,12,G1,10,gset,,sq,0.005,,,,,,,,,,,,,,,,,,,,-1,,,,,
84,PT_IIT_Z,1,3000000,3000000,,3,12,G1,10,gset,,sq,0.007,,,,,,,,,,,,,,,,,,,,-1,,,,,
85,PT_IIT_Z,1,3000000,3000000,,3,12,G1,10,gset,,sq,0.01,,,,,,,,,,,,,,,,,,,,-1,,,,,
86,PT_A_IIT,1,,3000,20,3,654,G1,10,gset,,sq,1,0.001,,,,,,,,,,,,,,,,,,,-1,0,never,,,
87,PT_IIT_Z,1,10000,50,,3,3,,1000,bimodal,200,sq,1,0.0005,,,,,,,,,,,,,,,,,,,-1,,,,,
88,PT_IIT_Z,1,10000,50,,3,3,,1000,bimodal,200,sq,1.5,0.0005,,,,,,,,,,,,,,,,,,,-1,,,,,
89,PT_IIT_Z,1,10000,50,,3,3,,1000,bimodal,200,sq,2,0.0005,,,,,,,,,,,,,,,,,,,-1,,,,,
90,PT_A_IIT,1,,50,200,3,3,,1000,bimodal,200,sq,5,2,0.001,,,,,,,,,,,,,,,,,,-1,0,never,,,
91,PT_A_IIT,1,,50,200,3,3,,1000,bimodal,200,sq,2,0.001,,,,,,,,,,,,,,,,,,,-1,0,never,Está tan cerca de la moda porque tiene burn-in y empezamos a medir despues del burn-in,,
92,PT_A_IIT,1,,50,200,3,3,,1000,bimodal,200,sq,2.5,0.001,,,,,,,,,,,,,,,,,,,-1,0,never,,,
93,PT_A_IIT,1,,100,20000,3,3,,1000,bimodal,200,sq,10,5,2,0.001,,,,,,,,,,,,,,,,,-1,0,never,,,
94,PT_A_IIT,1,,100,20000,3,3,,1000,bimodal,200,sq,15,7,4,1.5,0.001,,,,,,,,,,,,,,,,-1,0,never,,,
95,PT_A_IIT,1,,100,20000,3,3,,1000,bimodal,200,sq,20,7.7,3.5,1.9,0.001,,,,,,,,,,,,,,,,-1,0,never,,,
96,PT_A_IIT,1,NA,50,150,3,964,G1,0,gset,,sq,380,190,1,0.0001,,,,,,,,,,,,,,,,,-1,0,never,3 min en correr (10 cores),,
97,PT_A_IIT,1,NA,100,1000,3,964,G1,0,gset,,sq,380,190,1,0.0001,,,,,,,,,,,,,,,,,-1,0,never,40min en correr (10 cores),,
98,PT_A_IIT,1,NA,200,1000,3,964,G1,0,gset,,sq,380,190,1,0.0001,,,,,,,,,,,,,,,,,-1,0,never,1:10 en correr (10 cores),,
99,PT_A_IIT,1,NA,500,1000,3,964,G1,0,gset,,sq,380,190,1,0.0001,,,,,,,,,,,,,,,,,-1,0,never,3hr43min en correr (10 cores),,
100,PT_IIT_Z,1,1000000,30,,3,451,G1,0,gset,,sq,350,200,50,1,0.0001,,,,,,,,,,,,,,,,-1,,,"llego a iteracion 189k de 1M (Se acabaron 8hr, 1GB ram, 10core)",,
101,PT_IIT_Z,1,1500000,50,,3,451,G1,0,gset,,sq,350,200,50,1,0.0001,,,,,,,,,,,,,,,,-1,,,"llego a iteracion 453k de 1.5M (Se acabaron 8hr, 1GB ram, 10core)",,
102,PT_IIT_Z,1,2000000,100,,3,451,G1,0,gset,,sq,350,200,50,1,0.0001,,,,,,,,,,,,,,,,-1,,,"llego a iteration 190k de 2M (Se acabaron 8hr, 1GB ram, 10core)",,
103,PT_A_IIT,1,,50,300,3,301,,0,bimodal,200,sq,2,1.3,0.7,0.05,0.001,,,,,,,,,,,,,,,,-1,0,never,less than 2min to run,,
104,PT_A_IIT,1,,50,300,3,301,,0,bimodal,200,sq,2.5,2,1.5,1.1,0.7,0.3,0.05,0.005,0.0001,,,,,,,,,,,,-1,0,never,less than 2min to run,,
105,PT_IIT_Z,1,15000,50,,3,301,,0,bimodal,200,sq,2,1.3,0.7,0.05,0.001,,,,,,,,,,,,,,,,-1,,,less than 2min to run,,
106,PT_IIT_Z,1,15000,50,,3,301,,0,bimodal,200,sq,2.5,2,1.5,1.1,0.7,0.3,0.05,0.005,0.0001,,,,,,,,,,,,-1,,,less than 2min to run,,
107,PT_A_IIT,1,,50,300,3,301,,2500,bimodal,200,sq,1.5,1.3,1,0.8,0.6,0.45,0.25,0.1,0.0001,,,,,,,,,,,,-1,0,never,,,
108,PT_A_IIT,1,,50,300,3,301,,2500,bimodal,200,sq,1.5,1.4,1.3,1.2,1.1,1,0.9,0.8,0.7,,,,,,,,,,,,-1,0,never,,,
109,PT_A_IIT,1,,50,300,3,301,,2500,bimodal,200,sq,1.5,1.3,1.1,0.9,0.7,0.5,0.3,0.1,0.0001,,,,,,,,,,,,-1,0,never,,,
110,PT_A_IIT,1,,50,300,3,301,,2500,bimodal,200,sq,1.3,1.1,0.9,0.7,0.5,0.3,0.1,0.05,0.0001,,,,,,,,,,,,-1,0,never,,,
111,PT_IIT_Z,1,15000,50,,3,301,,2500,bimodal,200,sq,1.5,1.3,1,0.8,0.6,0.45,0.25,0.1,0.0001,,,,,,,,,,,,-1,,,,,
112,PT_IIT_Z,1,15000,50,,3,301,,2500,bimodal,200,sq,1.5,1.4,1.3,1.2,1.1,1,0.9,0.8,0.7,,,,,,,,,,,,-1,,,,,
113,PT_IIT_Z,1,15000,50,,3,301,,2500,bimodal,200,sq,1.5,1.3,1.1,0.9,0.7,0.5,0.3,0.1,0.0001,,,,,,,,,,,,-1,,,,,
114,PT_IIT_Z,1,15000,50,,3,301,,2500,bimodal,200,sq,1.3,1.1,0.9,0.7,0.5,0.3,0.1,0.05,0.0001,,,,,,,,,,,,-1,,,,,
115,PT_A_IIT,1,,50,300,3,301,,3000,bimodal,200,sq,1.3,1.1,1,0.85,0.5,0.3,,,,,,,,,,,,,,,-1,0,never,,,
116,PT_IIT_Z,1,15000,50,,3,301,,3000,bimodal,200,sq,1.2,1,0.9,0.7,0.5,0.1,,,,,,,,,,,,,,,,,,,,
117,PT_A_IIT,1,,50,500,3,301,,5000,bimodal,200,sq,1.2,1.1,1,0.9,0.8,0.75,0.7,0.65,0.6,,,,,,,,,,,,-1,0,never,,runs in 10 seconds,
118,PT_IIT_Z,1,25000,50,,3,301,,5000,bimodal,200,sq,1.25,1,0.85,0.75,0.7,0.6,0.5,0.4,0.3,,,,,,,,,,,,,,,,runs in 60 seconds,
119,PT_IIT_Z,1,100000,30,,3,451,G1,0,gset,,sq,350,200,50,1,0.0001,,,,,,,,,,,,,,,,-1,,,"Corrio en 4:40, 1GB ram",,
120,PT_IIT_Z,1,400000,50,,3,451,G1,0,gset,,sq,350,200,50,1,0.0001,,,,,,,,,,,,,,,,-1,,,Llego a iteracion 262k y se acabaron las 8hr,,
121,PT_IIT_Z,1,150000,100,,3,451,G1,0,gset,,sq,350,200,50,1,0.0001,,,,,,,,,,,,,,,,-1,,,"Corrio en 5:20, 1GB ram",,
122,PT_IIT_Z,1,360000,30,,5,451,G1,0,gset,,sq,500,300,80,2,1,0.0001,0.0000001,,,,,,,,,,,,,,-1,,,"Corrio en 28 hr, 1GB ram, 32 cores",,
123,PT_IIT_Z,1,400000,50,,5,451,G1,0,gset,,sq,500,300,80,2,1,0.0001,0.0000001,,,,,,,,,,,,,,-1,,,"Corrio en 31hr, 1GB ran, 32 cores",,
124,PT_IIT_Z,1,500000,100,,5,451,G1,0,gset,,sq,500,300,80,2,1,0.0001,0.0000001,,,,,,,,,,,,,,-1,,,"Corrio en 38.5hr, 1GB ran, 32 cores",,
126,PT_A_IIT,100,,50,1000,3,111,,5000,bimodal,200,sq,1.15,1,0.85,0.7,0.6,,,,,,,,,,,,,,,,-1,0,never,based on 117,"Run in 30min, 2GB ram, 12 cores",
127,PT_A_IIT,100,,50,1000,3,111,,5000,bimodal,200,sq,1.15,1,0.75,0.6,0.55,,,,,,,,,,,,,,,,-1,0,never,temps used in PT_IIT,"Run in 30min, 2GB ram, 12 cores",
128,PT_IIT_Z,100,50000,50,,3,111,,5000,bimodal,200,sq,1.15,1,0.75,0.6,0.55,,,,,,,,,,,,,,,,,,,based on 118,"Run in 2.5hr, 2GB ram, 12 cores",
129,PT_IIT_Z,100,50000,50,,3,111,,5000,bimodal,200,sq,1.15,1,0.85,0.7,0.6,,,,,,,,,,,,,,,,,,,temps used in A_IIT,"Run in 2.5hr, 2GB ram, 12 cores",
130,PT_A_IIT,1,,100,2000,3,849,,10000,bimodal,800,sq,1.2,1.1,1,0.9,0.8,0.75,0.7,0.65,0.6,,,,,,,,,,,,-1,0,never,,"Run in 2hr, 2GB ram, 12 cores",
131,PT_IIT_Z,1,200000,100,,3,849,,10000,bimodal,800,sq,1.25,1,0.85,0.75,0.7,0.6,0.5,0.4,0.3,,,,,,,,,,,,,,,,"Run in 1.5hr, 2GB ram, 12 cores",
132,PT_A_IIT,1,,100,2000,3,849,,10000,bimodal,800,sq,1.15,1,0.85,0.7,0.6,0.5,0.4,0.3,0.2,,,,,,,,,,,,-1,0,never,,"Run in 3hr, 2GB ram, 12 cores",
133,PT_IIT_Z,1,200000,100,,3,849,,10000,bimodal,800,sq,1.15,1,0.75,0.6,0.55,0.45,0.35,0.25,0.15,,,,,,,,,,,,,,,,"Run in 1.5hr, 2GB ram, 12 cores",
134,PT_A_IIT,1,,100,2000,3,849,,10000,bimodal,800,sq,1.15,1,0.75,0.6,0.55,0.45,0.35,0.25,0.15,,,,,,,,,,,,,,,,"Run in 30min, 2GB ram, 12 cores",
135,PT_IIT_Z,1,200000,100,,3,849,,10000,bimodal,800,sq,1.15,1,0.85,0.7,0.6,0.5,0.4,0.3,0.2,,,,,,,,,,,,,,,,"Run in 1.5hr, 2GB ram, 12 cores",
136,PT_A_IIT,1,,100,2000,3,849,,10000,bimodal,1000,sq,1.2,1.1,1,0.9,0.8,0.75,0.7,0.65,0.6,,,,,,,,,,,,-1,0,never,,"Run in 30min, 2GB ram, 12 cores",
137,PT_IIT_Z,1,200000,100,,3,849,,10000,bimodal,1000,sq,1.25,1,0.85,0.75,0.7,0.6,0.5,0.4,0.3,,,,,,,,,,,,,,,,"Run in 2.5hr, 2GB ram, 12 cores",
138,PT_A_IIT,1,,100,2000,3,849,,10000,bimodal,1000,sq,1.15,1,0.85,0.7,0.6,0.5,0.4,0.3,0.2,,,,,,,,,,,,-1,0,never,,"Run in 1hr, 2GB ram, 12 cores",
139,PT_IIT_Z,1,200000,100,,3,849,,10000,bimodal,1000,sq,1.15,1,0.75,0.6,0.55,0.45,0.35,0.25,0.15,,,,,,,,,,,,,,,,"Run in 2.5hr, 2GB ram, 12 cores",
140,PT_A_IIT,1,,100,2000,3,849,,10000,bimodal,1000,sq,1.15,1,0.75,0.6,0.55,0.45,0.35,0.25,0.15,,,,,,,,,,,,-1,0,never,,"Run in 1.5hr, 2GB ram, 12 cores",
141,PT_IIT_Z,1,200000,100,,3,849,,10000,bimodal,1000,sq,1.15,1,0.85,0.7,0.6,0.5,0.4,0.3,0.2,,,,,,,,,,,,,,,,"Run in 1.5hr, 2GB ram, 12 cores",
142,PT_A_IIT,1,,100,2000,3,850,,10000,bimodal,800,sq,1.3,1.25,1.2,1.15,1.1,1.05,1,0.97,0.94,0.91,0.88,0.85,0.82,0.79,0.76,0.73,0.7,0.67,0.64,0.61,-1,0,never,"Considering 130,132,134","Run in 30min,12 Cores,2GB ram",
143,PT_A_IIT,1,,100,2000,3,850,,10000,bimodal,800,sq,1.24,1.2,1.16,1.12,1.08,1.04,1,0.96,0.92,0.88,0.84,0.8,0.76,0.72,0.68,0.64,0.6,0.56,0.52,0.48,-1,0,never,"Considering 130,132,134","Run in 35min,12 Cores,2GB ram",
144,PT_IIT_Z,1,200000,100,,3,849,,10000,bimodal,800,sq,1.45,1.4,1.35,1.3,1.25,1.2,1.15,1.1,1.05,1,0.95,0.9,0.85,0.8,0.75,0.7,0.65,0.6,0.55,0.5,,,,"Considering 131,133,135","Run in 3hr,12 Cores,2GB ram",
145,PT_IIT_Z,1,200000,100,,3,849,,10000,bimodal,800,sq,1.3,1.25,1.2,1.15,1.1,1.05,1,0.96,0.92,0.88,0.84,0.8,0.76,0.72,0.68,0.64,0.6,0.56,0.52,0.48,,,,"Considering 131,133,135","Run in 3hr,12 Cores,2GB ram",
146,PT_IIT_Z,1,200000,100,,3,849,,10000,bimodal,800,sq,1.15,1.1,1.05,1,0.97,0.94,0.91,0.88,0.85,0.82,0.79,0.76,0.73,0.7,0.67,0.64,0.61,0.58,0.55,0.52,,,,"Considering 131,133,135","Run in 3hr,12 Cores,2GB ram",
147,PT_A_IIT,1,,100,2000,3,850,,10000,bimodal,1000,sq,1.3,1.25,1.2,1.15,1.1,1.05,1,0.97,0.94,0.91,0.88,0.85,0.82,0.79,0.76,0.73,0.7,0.67,0.64,0.61,-1,0,never,"Considering 136,138,140","Run in 40min,12 Cores,2GB ram",
148,PT_A_IIT,1,,100,2000,3,850,,10000,bimodal,1000,sq,1.24,1.2,1.16,1.12,1.08,1.04,1,0.96,0.92,0.88,0.84,0.8,0.76,0.72,0.68,0.64,0.6,0.56,0.52,0.48,-1,0,never,"Considering 136,138,140","Run in 50min,12 Cores,2GB ram",
149,PT_A_IIT,1,,100,2000,3,850,,10000,bimodal,1000,sq,1,0.98,0.96,0.94,0.92,0.9,0.88,0.86,0.84,0.82,0.8,0.78,0.76,0.74,0.72,0.7,0.68,0.66,0.64,0.62,-1,0,never,"Considering 136,138,140","Run in 50min,12 Cores,2GB ram",
150,PT_A_IIT,1,,100,2000,3,850,,10000,bimodal,1000,sq,1,0.99,0.98,0.97,0.96,0.95,0.94,0.93,0.92,0.91,0.9,0.89,0.88,0.87,0.86,0.85,0.84,0.83,0.82,0.81,-1,0,never,"Considering 136,138,140","Run in 40min,12 Cores,2GB ram",
151,PT_IIT_Z,1,200000,100,,3,849,,10000,bimodal,1000,sq,1.3,1.25,1.2,1.15,1.1,1.05,1,0.96,0.92,0.88,0.84,0.8,0.76,0.72,0.68,0.64,0.6,0.56,0.52,0.48,,,,"Considering 137,139,141","Run in 4hr,12 Cores,2GB ram",
152,PT_IIT_Z,1,200000,100,,3,849,,10000,bimodal,1000,sq,1.15,1.1,1.05,1,0.97,0.94,0.91,0.88,0.85,0.82,0.79,0.76,0.73,0.7,0.67,0.64,0.61,0.58,0.55,0.52,,,,"Considering 137,139,141","Run in 4hr,12 Cores,2GB ram",
153,PT_IIT_Z,1,200000,100,,3,849,,10000,bimodal,1000,sq,1.15,1,0.98,0.96,0.94,0.92,0.9,0.88,0.86,0.84,0.82,0.8,0.78,0.76,0.74,0.72,0.7,0.68,0.66,0.64,,,,"Considering 137,139,141","Run in 4hr,12 Cores,2GB ram",
154,PT_A_IIT,1,,100,2000,3,851,,15000,bimodal,800,sq,1.6,1.51,1.42,1.34,1.26,1.19,1.12,1.06,1,0.95,0.905,0.86,0.82,0.78,0.74,0.705,0.67,0.635,0.605,0.575,-1,0,never,"Considering 142.143, check obsidian*","Run in 30min, 12 Cores, 2Gb ram",
155,PT_A_IIT,1,,100,2000,3,851,,15000,bimodal,800,sq,1.67,1.57,1.47,1.38,1.29,1.21,1.13,1.06,1,0.95,0.9,0.86,0.82,0.78,0.74,0.7,0.665,0.63,0.595,0.56,-1,0,never,"Considering 142.143, check obsidian","Run in 30min, 12 Cores, 2Gb ram",
156,PT_A_IIT,1,,100,2000,3,851,,15000,bimodal,800,sq,1.6,1.51,1.42,1.34,1.26,1.19,1.12,1.06,1,0.95,0.9,0.86,0.82,0.78,0.74,0.7,0.67,0.64,0.61,0.58,-1,0,never,"Considering 142.143, geometric spacing 0.06,0.05","Run in 30min, 12 Cores, 2Gb ram",
157,PT_A_IIT,1,,100,2000,3,851,,15000,bimodal,800,sq,1.72,1.61,1.5,1.4,1.31,1.22,1.14,1.07,1,0.94,0.88,0.83,0.78,0.73,0.69,0.65,0.61,0.57,0.54,0.51,-1,0,never,"Considering 142.143, geometric spacing 0.07,0.06","Run in 30min, 12 Cores, 2Gb ram",
158,PT_A_IIT,1,,100,2000,3,851,,15000,bimodal,800,sq,1.86,1.72,1.59,1.47,1.36,1.26,1.17,1.08,1,0.96,0.92,0.88,0.84,0.81,0.78,0.75,0.72,0.69,0.66,0.63,-1,0,never,"Considering 142.143, geometric spacing 0.08, .04","Run in 30min, 12 Cores, 2Gb ram",
159,PT_A_IIT,1,,100,2000,3,851,,15000,bimodal,800,sq,2.01,1.84,1.69,1.55,1.42,1.3,1.19,1.09,1,0.93,0.86,0.8,0.74,0.69,0.64,0.6,0.56,0.52,0.48,0.45,-1,0,never,"Considering 142.143, geometric spacing 0.09, .07","Run in 30min, 12 Cores, 2Gb ram",
160,PT_A_IIT,1,,100,2000,3,851,,15000,bimodal,800,sq,1.48,1.41,1.34,1.28,1.22,1.16,1.1,1.05,1,0.97,0.94,0.91,0.88,0.85,0.82,0.8,0.78,0.76,0.74,0.72,-1,0,never,"Considering 142.143, geometric spacing 0.05, .03","Run in 30min, 12 Cores, 2Gb ram",
161,PT_IIT_Z,1,200000,100,,3,852,,15000,bimodal,800,sq,1.56,1.49,1.42,1.35,1.28,1.21,1.14,1.07,1,0.94,0.88,0.82,0.76,0.7,0.64,0.58,0.52,0.47,0.42,0.37,,,,Considering 144-146 check obsidian,"Run in 3hr, 12 Cores, 2Gb ram",
162,PT_IIT_Z,1,200000,100,,3,852,,15000,bimodal,800,sq,1.64,1.56,1.48,1.4,1.32,1.24,1.16,1.08,1,0.93,0.86,0.79,0.72,0.65,0.58,0.51,0.45,0.4,0.35,0.3,,,,Considering 144-146 check obsidian,"Run in 3hr, 12 Cores, 2Gb ram",
163,PT_IIT_Z,1,200000,100,,3,852,,15000,bimodal,800,sq,1.6,1.51,1.42,1.34,1.26,1.19,1.12,1.06,1,0.94,0.88,0.83,0.78,0.73,0.69,0.65,0.61,0.57,0.54,0.51,,,,"Considering 144-146, usando geometric spacing","Run in 3hr, 12 Cores, 2Gb ram",
164,PT_IIT_Z,1,200000,100,,3,852,,15000,bimodal,800,sq,1.72,1.61,1.5,1.4,1.31,1.22,1.14,1.07,1,0.95,0.9,0.86,0.82,0.78,0.74,0.7,0.67,0.64,0.61,0.58,,,,"Considering 144-146, usando geometric spacing","Run in 3hr, 12 Cores, 2Gb ram",
165,PT_IIT_Z,1,200000,100,,3,852,,15000,bimodal,800,sq,1.86,1.72,1.59,1.47,1.36,1.26,1.17,1.08,1,0.95,0.9,0.86,0.82,0.78,0.74,0.7,0.67,0.64,0.61,0.58,,,,"Considering 144-146, usando geometric spacing","Run in 3hr, 12 Cores, 2Gb ram",
166,PT_IIT_Z,1,200000,100,,3,852,,15000,bimodal,800,sq,1.86,1.72,1.59,1.47,1.36,1.26,1.17,1.08,1,0.96,0.92,0.88,0.84,0.81,0.78,0.75,0.72,0.69,0.66,0.63,,,,"Considering  144-146, geometric spacing 0.08, .04","Run in 3hr, 12 Cores, 2Gb ram",
167,PT_IIT_Z,1,200000,100,,3,852,,15000,bimodal,800,sq,2.01,1.84,1.69,1.55,1.42,1.3,1.19,1.09,1,0.93,0.86,0.8,0.74,0.69,0.64,0.6,0.56,0.52,0.48,0.45,,,,"Considering  144-146, geometric spacing 0.09, .07","Run in 3hr, 12 Cores, 2Gb ram",
168,PT_IIT_Z,1,200000,100,,3,852,,15000,bimodal,800,sq,1.48,1.41,1.34,1.28,1.22,1.16,1.1,1.05,1,0.97,0.94,0.91,0.88,0.85,0.82,0.8,0.78,0.76,0.74,0.72,,,,"Considering  144-146, geometric spacing 0.05, .03","Run in 3hr, 12 Cores, 2Gb ram",
169,PT_A_IIT,1,,100,2000,3,853,,15000,bimodal,1000,sq,1.48,1.41,1.34,1.28,1.22,1.16,1.1,1.05,1,0.95,0.9,0.86,0.82,0.78,0.74,0.7,0.67,0.64,0.61,0.58,-1,0,never,"Considering 147, geometric .05,.05","Run in 40min, 12 Cores, 2Gb ram",
170,PT_A_IIT,1,,100,2000,3,853,,15000,bimodal,1000,sq,1.6,1.51,1.42,1.34,1.26,1.19,1.12,1.06,1,0.94,0.88,0.83,0.78,0.73,0.69,0.65,0.61,0.57,0.54,0.51,-1,0,never,"Considering 147, geometric .06,.04","Run in 40min, 12 Cores, 2Gb ram",
171,PT_A_IIT,1,,100,2000,3,853,,15000,bimodal,1000,sq,1.54,1.46,1.38,1.31,1.24,1.18,1.12,1.06,1,0.95,0.9,0.85,0.8,0.76,0.72,0.68,0.64,0.6,0.57,0.54,-1,0,never,"Considering 147, geometric .055,.045","Run in 40min, 12 Cores, 2Gb ram",
172,PT_IIT_Z,1,200000,100,,3,854,,10000,bimodal,1000,sq,1.72,1.61,1.5,1.4,1.31,1.22,1.14,1.07,1,0.94,0.88,0.83,0.78,0.73,0.69,0.65,0.61,0.57,0.54,0.51,,,,"Considering 151, geometric .07,.06","Run in 4hr, 12 Cores, 2Gb ram",
173,PT_IIT_Z,1,200000,100,,3,854,,10000,bimodal,1000,sq,1.8,1.67,1.55,1.44,1.34,1.25,1.16,1.08,1,0.94,0.88,0.82,0.77,0.72,0.67,0.63,0.59,0.55,0.51,0.48,,,,"Considering 151, geometric .075,.065","Run in 4hr, 12 Cores, 2Gb ram",
174,PT_IIT_Z,1,200000,100,,3,854,,10000,bimodal,1000,sq,1.86,1.72,1.59,1.47,1.36,1.26,1.17,1.08,1,0.93,0.86,0.8,0.74,0.69,0.64,0.6,0.56,0.52,0.48,0.45,,,,"Considering 151, geometric .08,.07","Run in 4hr, 12 Cores, 2Gb ram",
175,PT_IIT_Z,1,200000,100,,3,854,,10000,bimodal,1000,sq,2.01,1.84,1.69,1.55,1.42,1.3,1.19,1.09,1,0.92,0.85,0.78,0.72,0.66,0.61,0.56,0.52,0.48,0.44,0.4,,,,"Considering 151, geometric .09,.08","Run in 4hr, 12 Cores, 2Gb ram",
176,PT_IIT_Z,1,200000,100,,3,854,,10000,bimodal,1000,sq,2.15,1.95,1.77,1.61,1.46,1.33,1.21,1.1,1,0.91,0.83,0.76,0.69,0.63,0.57,0.52,0.47,0.43,0.39,0.35,,,,"Considering 151, geometric .1,.09","Run in 4hr, 12 Cores, 2Gb ram",
177,PT_A_IIT,1,,10,4000,2,855,,20000,bimodal,800,sq,1.78,1.65,1.53,1.42,1.34,1.26,1.19,1.12,1.06,1,0.95,0.9,0.86,0.82,0.78,0.74,0.7,0.67,0.64,0.61,-1,0,never,"Considering 154-160, crece a 0.06,0.08 y decrece a 0.05","Run in 12min, 12Cores, 2GB ram",
178,PT_A_IIT,1,,20,4000,2,855,,20000,bimodal,800,sq,1.78,1.65,1.53,1.42,1.34,1.26,1.19,1.12,1.06,1,0.95,0.9,0.86,0.82,0.78,0.74,0.7,0.67,0.64,0.61,-1,0,never,"Considering 154-160, crece a 0.06,0.08 y decrece a 0.05","Run in 15min, 12Cores, 2GB ram",
179,PT_A_IIT,1,,25,4000,2,855,,20000,bimodal,800,sq,1.78,1.65,1.53,1.42,1.34,1.26,1.19,1.12,1.06,1,0.95,0.9,0.86,0.82,0.78,0.74,0.7,0.67,0.64,0.61,-1,0,never,"Considering 154-160, crece a 0.06,0.08 y decrece a 0.05","Run in 16min, 12Cores, 2GB ram",
180,PT_A_IIT,1,,30,4000,2,855,,20000,bimodal,800,sq,1.78,1.65,1.53,1.42,1.34,1.26,1.19,1.12,1.06,1,0.95,0.9,0.86,0.82,0.78,0.74,0.7,0.67,0.64,0.61,-1,0,never,"Considering 154-160, crece a 0.06,0.08 y decrece a 0.05","Run in 18min, 12Cores, 2GB ram",
181,PT_A_IIT,1,,35,4000,2,855,,20000,bimodal,800,sq,1.78,1.65,1.53,1.42,1.34,1.26,1.19,1.12,1.06,1,0.95,0.9,0.86,0.82,0.78,0.74,0.7,0.67,0.64,0.61,-1,0,never,"Considering 154-160, crece a 0.06,0.08 y decrece a 0.05","Run in 20min, 12Cores, 2GB ram",
182,PT_A_IIT,1,,40,4000,2,855,,20000,bimodal,800,sq,1.78,1.65,1.53,1.42,1.34,1.26,1.19,1.12,1.06,1,0.95,0.9,0.86,0.82,0.78,0.74,0.7,0.67,0.64,0.61,-1,0,never,"Considering 154-160, crece a 0.06,0.08 y decrece a 0.05","Run in 21min, 12Cores, 2GB ram",
183,PT_A_IIT,1,,45,4000,2,855,,20000,bimodal,800,sq,1.78,1.65,1.53,1.42,1.34,1.26,1.19,1.12,1.06,1,0.95,0.9,0.86,0.82,0.78,0.74,0.7,0.67,0.64,0.61,-1,0,never,"Considering 154-160, crece a 0.06,0.08 y decrece a 0.05","Run in 23min, 12Cores, 2GB ram",
184,PT_A_IIT,1,,50,4000,2,855,,20000,bimodal,800,sq,1.78,1.65,1.53,1.42,1.34,1.26,1.19,1.12,1.06,1,0.95,0.9,0.86,0.82,0.78,0.74,0.7,0.67,0.64,0.61,-1,0,never,"Considering 154-160, crece a 0.06,0.08 y decrece a 0.05","Run in 25min, 12Cores, 2GB ram",
185,PT_A_IIT,1,,60,4000,2,855,,20000,bimodal,800,sq,1.78,1.65,1.53,1.42,1.34,1.26,1.19,1.12,1.06,1,0.95,0.9,0.86,0.82,0.78,0.74,0.7,0.67,0.64,0.61,-1,0,never,"Considering 154-160, crece a 0.06,0.08 y decrece a 0.05","Run in 30min, 12Cores, 2GB ram",
186,PT_A_IIT,1,,70,4000,2,855,,20000,bimodal,800,sq,1.78,1.65,1.53,1.42,1.34,1.26,1.19,1.12,1.06,1,0.95,0.9,0.86,0.82,0.78,0.74,0.7,0.67,0.64,0.61,-1,0,never,"Considering 154-160, crece a 0.06,0.08 y decrece a 0.05","Run in 32min, 12Cores, 2GB ram",
187,PT_A_IIT,1,,80,4000,2,855,,20000,bimodal,800,sq,1.78,1.65,1.53,1.42,1.34,1.26,1.19,1.12,1.06,1,0.95,0.9,0.86,0.82,0.78,0.74,0.7,0.67,0.64,0.61,-1,0,never,"Considering 154-160, crece a 0.06,0.08 y decrece a 0.05","Run in 36min, 12Cores, 2GB ram",
188,PT_A_IIT,1,,90,4000,2,855,,20000,bimodal,800,sq,1.78,1.65,1.53,1.42,1.34,1.26,1.19,1.12,1.06,1,0.95,0.9,0.86,0.82,0.78,0.74,0.7,0.67,0.64,0.61,-1,0,never,"Considering 154-160, crece a 0.06,0.08 y decrece a 0.05","Run in 40min, 12Cores, 2GB ram",
189,PT_A_IIT,1,,100,4000,2,855,,20000,bimodal,800,sq,1.78,1.65,1.53,1.42,1.34,1.26,1.19,1.12,1.06,1,0.95,0.9,0.86,0.82,0.78,0.74,0.7,0.67,0.64,0.61,-1,0,never,"Considering 154-160, crece a 0.06,0.08 y decrece a 0.05","Run in 45min, 12Cores, 2GB ram",
190,PT_A_IIT,1,NA,20,5000,3,856,G1,1000,gset,,sq,1.78,1.65,1.53,1.42,1.34,1.26,1.19,1.12,1.06,1,0.95,0.9,0.86,0.82,0.78,0.74,0.7,0.67,0.64,0.61,-1,0,never,Considering 154-160,"Run in 15hr,12 Cores, 2GB ram",
191,PT_A_IIT,1,NA,25,5000,3,856,G1,1000,gset,,sq,1.78,1.65,1.53,1.42,1.34,1.26,1.19,1.12,1.06,1,0.95,0.9,0.86,0.82,0.78,0.74,0.7,0.67,0.64,0.61,-1,0,never,Considering 154-160,"Run in 7hr,12 Cores, 2GB ram",
192,PT_A_IIT,1,NA,30,5000,3,856,G1,1000,gset,,sq,1.78,1.65,1.53,1.42,1.34,1.26,1.19,1.12,1.06,1,0.95,0.9,0.86,0.82,0.78,0.74,0.7,0.67,0.64,0.61,-1,0,never,Considering 154-160,"Timeout 24hr, 12 Cores, 2GB ram","Time limit, se quedo en swap 4101"
193,PT_A_IIT,1,NA,35,5000,3,856,G1,1000,gset,,sq,1.78,1.65,1.53,1.42,1.34,1.26,1.19,1.12,1.06,1,0.95,0.9,0.86,0.82,0.78,0.74,0.7,0.67,0.64,0.61,-1,0,never,Considering 154-160,"Run in 9.5hr, 12 Cores, 2GB ram",
194,PT_A_IIT,1,NA,40,5000,3,856,G1,1000,gset,,sq,1.78,1.65,1.53,1.42,1.34,1.26,1.19,1.12,1.06,1,0.95,0.9,0.86,0.82,0.78,0.74,0.7,0.67,0.64,0.61,-1,0,never,Considering 154-160,"Run in 14hr, 12Cores, 2GB ram",
195,PT_A_IIT,1,NA,45,5000,3,856,G1,1000,gset,,sq,1.78,1.65,1.53,1.42,1.34,1.26,1.19,1.12,1.06,1,0.95,0.9,0.86,0.82,0.78,0.74,0.7,0.67,0.64,0.61,-1,0,never,Considering 154-160,"Run in 28hr, 24 Cores, 2GB ram",
196,PT_A_IIT,1,NA,50,5000,3,856,G1,1000,gset,,sq,1.78,1.65,1.53,1.42,1.34,1.26,1.19,1.12,1.06,1,0.95,0.9,0.86,0.82,0.78,0.74,0.7,0.67,0.64,0.61,-1,0,never,Considering 154-160,"Run in 15hr, 24 Cores, 2GB ram","CPU efficienty of 33%, con 12 cores era 66% (creo que solo usa 8 cores)"
197,PT_A_IIT,1,NA,60,5000,3,856,G1,1000,gset,,sq,1.78,1.65,1.53,1.42,1.34,1.26,1.19,1.12,1.06,1,0.95,0.9,0.86,0.82,0.78,0.74,0.7,0.67,0.64,0.61,-1,0,never,Considering 154-160,"Run in 21hr, 24 Cores, 2GB ram","CPU efficienty of 33%, con 12 cores era 66% (creo que solo usa 8 cores)"
198,PT_A_IIT,1,NA,70,5000,3,856,G1,1000,gset,,sq,1.78,1.65,1.53,1.42,1.34,1.26,1.19,1.12,1.06,1,0.95,0.9,0.86,0.82,0.78,0.74,0.7,0.67,0.64,0.61,-1,0,never,Considering 154-160,"Run in 22hr, 12 Cores, 2GB ram",
199,PT_A_IIT,1,NA,80,5000,3,856,G1,1000,gset,,sq,1.78,1.65,1.53,1.42,1.34,1.26,1.19,1.12,1.06,1,0.95,0.9,0.86,0.82,0.78,0.74,0.7,0.67,0.64,0.61,-1,0,never,Considering 154-160,"Run in 21hr, 12 Cores, 2GB ram",
200,PT_A_IIT,1,NA,90,5000,3,856,G1,1000,gset,,sq,1.78,1.65,1.53,1.42,1.34,1.26,1.19,1.12,1.06,1,0.95,0.9,0.86,0.82,0.78,0.74,0.7,0.67,0.64,0.61,-1,0,never,Considering 154-160,"Timeout 24hr, 12 Cores, 2GB ram","Time limit, se quedo en swap 4301"
201,PT_A_IIT,1,NA,100,5000,3,856,G1,1000,gset,,sq,1.78,1.65,1.53,1.42,1.34,1.26,1.19,1.12,1.06,1,0.95,0.9,0.86,0.82,0.78,0.74,0.7,0.67,0.64,0.61,-1,0,never,Considering 154-160,"Run in 28hr, 24 Cores, 2GB ram",CPU efficiency of 33%
202,PT_IIT_Z,1,200000,100,,3,857,,15000,bimodal,800,sq,1.48,1.41,1.34,1.28,1.22,1.16,1.1,1.05,1,0.92,0.85,0.78,0.72,0.66,0.61,0.56,0.52,0.48,0.44,0.4,,,,"Considering  161-168, geometric 0.05,0.08","Run in 3hr,12Cores, 2GB ram",
203,PT_IIT_Z,1,200000,100,,3,857,,15000,bimodal,800,sq,1.72,1.61,1.5,1.4,1.31,1.22,1.14,1.07,1,0.92,0.84,0.77,0.7,0.64,0.59,0.54,0.49,0.45,0.41,0.38,,,,"Considering  161-168, geometric 0.07,.085","Run in 3hr,12Cores, 2GB ram",
204,PT_IIT_Z,1,200000,100,,3,857,,15000,bimodal,800,sq,2.88,2.5,2.17,1.89,1.64,1.43,1.24,1.08,1,0.91,0.83,0.76,0.69,0.63,0.57,0.52,0.47,0.43,0.39,0.35,,,,"Considering  161-168, geometric 0.08,.09","Run in 3hr,12Cores, 2GB ram",
205,PT_IIT_Z,1,200000,100,,3,857,,15000,bimodal,800,sq,3.9,3.25,2.71,2.26,1.88,1.57,1.31,1.09,1,0.91,0.82,0.74,0.67,0.61,0.55,0.5,0.45,0.41,0.37,0.33,,,,"Considering  161-168, geometric 0.09,.095","Run in 3hr,12Cores, 2GB ram",
206,PT_IIT_Z,1,200000,100,,3,857,,15000,bimodal,800,sq,2.15,1.95,1.77,1.61,1.46,1.33,1.21,1.1,1,0.9,0.81,0.73,0.66,0.59,0.53,0.48,0.43,0.39,0.35,0.32,,,,"Considering  161-168, geometric 0.1, .1","Run in 3hr,12Cores, 2GB ram",
207,PT_IIT_Z,1,200000,100,,3,857,,15000,bimodal,800,sq,2.32,2.09,1.88,1.69,1.52,1.37,1.23,1.11,1,0.9,0.81,0.72,0.64,0.57,0.51,0.46,0.41,0.37,0.33,0.3,,,,"Considering  161-168, geometric 0.11, .105","Run in 3hr,12Cores, 2GB ram",
208,PT_IIT_Z,1,200000,100,,3,857,,15000,bimodal,800,sq,2.67,2.36,2.09,1.85,1.64,1.45,1.28,1.13,1,0.89,0.79,0.7,0.62,0.55,0.49,0.44,0.39,0.35,0.31,0.28,,,,"Considering  161-168, geometric 0.13, 0.11","Run in 3hr,12Cores, 2GB ram",
209,PT_IIT_Z,1,200000,100,,3,857,,15000,bimodal,800,sq,3.06,2.66,2.31,2.01,1.75,1.52,1.32,1.15,1,0.89,0.79,0.7,0.62,0.55,0.49,0.43,0.38,0.34,0.3,0.27,,,,"Considering  161-168, geometric 0.15, 0.115","Run in 3hr,12Cores, 2GB ram",
210,PT_IIT_Z,1,200000,100,,3,857,,15000,bimodal,800,sq,4.32,3.6,3,2.5,2.08,1.73,1.44,1.2,1,0.88,0.77,0.68,0.6,0.53,0.47,0.41,0.36,0.32,0.28,0.25,,,,"Considering  161-168, geometric 0.2, 0.12","Run in 3hr,12Cores, 2GB ram",
211,PT_A_IIT,1,,100,2000,3,858,,15000,bimodal,1000,sq,1.824,1.705,1.593,1.489,1.392,1.313,1.239,1.174,1.113,1.055,1,0.96,0.92,0.88,0.84,0.81,0.78,0.75,0.72,0.69,-1,0,never,Considering 169-171,"Run in 30min,12Cores, 2GB ram",
212,PT_A_IIT,1,,100,2000,3,858,,15000,bimodal,1000,sq,1.833,1.713,1.601,1.496,1.405,1.319,1.244,1.174,1.113,1.055,1,0.97,0.94,0.91,0.88,0.85,0.82,0.79,0.76,0.73,-1,0,never,Considering 169-171,"Run in 30min,12Cores, 2GB ram",
213,PT_A_IIT,1,,100,2000,3,858,,15000,bimodal,1000,sq,1.824,1.705,1.593,1.489,1.392,1.313,1.239,1.174,1.113,1.055,1,0.97,0.94,0.91,0.88,0.85,0.82,0.8,0.78,0.76,-1,0,never,Considering 169-171,"Run in 30min,12Cores, 2GB ram",
214,PT_A_IIT,1,,100,2000,3,858,,15000,bimodal,1000,sq,1.824,1.705,1.593,1.489,1.392,1.313,1.239,1.174,1.113,1.055,1,0.98,0.96,0.94,0.92,0.9,0.88,0.86,0.84,0.82,-1,0,never,Considering 169-171,"Run in 30min,12Cores, 2GB ram",
215,PT_A_IIT,1,,100,2000,3,858,,15000,bimodal,1000,sq,1.81,1.69,1.58,1.48,1.38,1.3,1.23,1.17,1.11,1.05,1,0.98,0.96,0.94,0.92,0.9,0.88,0.86,0.84,0.82,-1,0,never,Considering 169-171,"Run in 30min,12Cores, 2GB ram",
216,PT_A_IIT,1,,100,2000,3,858,,15000,bimodal,1000,sq,1.81,1.69,1.58,1.48,1.38,1.3,1.23,1.17,1.11,1.05,1,0.99,0.98,0.97,0.96,0.95,0.94,0.93,0.92,0.91,-1,0,never,Considering 169-171,"Run in 30min,12Cores, 2GB ram",
217,PT_IIT_Z,1,200000,100,,3,859,,20000,bimodal,1000,sq,3.96,3.3,2.75,2.29,1.91,1.66,1.44,1.31,1.19,1.09,1,0.92,0.85,0.79,0.73,0.68,0.63,0.59,0.55,0.51,,,,"Considering 172-176, ","Run in 4.5hr,12Cores, 2GB ram",
218,PT_IIT_Z,1,200000,100,,3,859,,20000,bimodal,1000,sq,4.65,3.58,2.86,2.29,1.91,1.66,1.44,1.31,1.19,1.09,1,0.92,0.85,0.79,0.73,0.67,0.62,0.56,0.5,0.45,,,,"Considering 172-176, ","Run in 5hr,12Cores, 2GB ram",
219,PT_IIT_Z,1,200000,100,,3,859,,20000,bimodal,1000,sq,2.29,1.91,1.66,1.44,1.31,1.19,1.09,1,0.92,0.85,0.79,0.73,0.68,,,,,,,,,,,"Considering 172-176, intentando menos temperaturas","Run in 3.5hr,12Cores, 2GB ram",
220,PT_IIT_Z,1,200000,100,,3,859,,20000,bimodal,1000,sq,2.29,1.91,1.66,1.44,1.31,1.19,1.09,1,0.92,0.85,0.79,0.73,0.67,,,,,,,,,,,"Considering 172-176, intentando menos temperaturas","Run in 3hr,12Cores, 2GB ram",
221,PT_IIT_Z,1,400000,100,,2,860,,20000,bimodal,800,sq,1.5,1.33,1.21,1.1,1,0.92,0.85,0.78,0.72,0.66,0.6,0.55,0.5,,,,,,,,,,,"Considering  202-210, geometric mixed numbers","Run in 3.5hr,10Cores, 2GB ram","13 temps instead of 20, increase 33% burn-in, duplicate iterations"
222,PT_IIT_Z,1,400000,100,,2,860,,20000,bimodal,800,sq,1.49,1.34,1.21,1.1,1,0.92,0.85,0.78,0.72,0.66,0.6,0.55,0.5,,,,,,,,,,,"Considering  202-210, geometric mixed numbers","Run in 3.5hr,10Cores, 2GB ram","Usar 10 cores, 5Gb ram, y unas 7 hr"
223,PT_IIT_Z,1,400000,100,,2,860,,20000,bimodal,800,sq,1.46,1.33,1.21,1.1,1,0.92,0.85,0.78,0.72,0.66,0.6,0.55,0.5,,,,,,,,,,,"Considering  202-210, geometric decrease is the same, increase diff","Run in 3.5hr,10Cores, 2GB ram",
224,PT_IIT_Z,1,400000,100,,2,860,,20000,bimodal,800,sq,1.52,1.37,1.23,1.11,1,0.92,0.85,0.78,0.72,0.66,0.6,0.55,0.5,,,,,,,,,,,"Considering  202-210, geometric decrease is the same, increase diff","Run in 3.5hr,10Cores, 2GB ram",
225,PT_IIT_Z,1,400000,100,,2,860,,20000,bimodal,800,sq,1.57,1.4,1.25,1.12,1,0.92,0.85,0.78,0.72,0.66,0.6,0.55,0.5,,,,,,,,,,,"Considering  202-210, geometric decrease is the same, increase diff","Run in 4hr,10Cores, 2GB ram",
226,PT_IIT_Z,1,400000,100,,2,860,,20000,bimodal,800,sq,1.64,1.45,1.28,1.13,1,0.92,0.85,0.78,0.72,0.66,0.6,0.55,0.5,,,,,,,,,,,"Considering  202-210, geometric decrease is the same, increase diff","Run in 3.5hr,10Cores, 2GB ram",
227,PT_IIT_Z,1,400000,100,,2,860,,20000,bimodal,800,sq,1.69,1.48,1.3,1.14,1,0.92,0.85,0.78,0.72,0.66,0.6,0.55,0.5,,,,,,,,,,,"Considering  202-210, geometric decrease is the same, increase diff","Run in 3.5hr,10Cores, 2GB ram",
228,PT_IIT_Z,1,400000,100,,2,860,,20000,bimodal,800,sq,1.75,1.52,1.32,1.15,1,0.92,0.85,0.78,0.72,0.66,0.6,0.55,0.5,,,,,,,,,,,"Considering  202-210, geometric decrease is the same, increase diff","Run in 3.5hr,10Cores, 2GB ram",
229,PT_IIT_Z,1,400000,50,,2,861,,20000,bimodal,1000,sq,1.829,1.678,1.539,1.412,1.295,1.188,1.09,1,0.92,0.846,0.778,0.716,0.659,,,,,,,,,,,"Considering 219-220, same temps but different SR","Run in 5.5hr,10Cores, 2GB ram","reduce interswap, increase decimals to 3"
230,PT_IIT_Z,1,400000,50,,2,861,,20000,bimodal,1000,sq,1.771,1.632,1.504,1.386,1.277,1.177,1.085,1,0.915,0.837,0.766,0.701,0.641,,,,,,,,,,,"Considering 219-220, same temps but different SR","Run in 6hr,10Cores, 2GB ram","reduce interswap, increase decimals to 3"
231,PT_IIT_Z,1,400000,50,,2,861,,20000,bimodal,1000,sq,1.714,1.587,1.469,1.36,1.259,1.166,1.08,1,0.91,0.828,0.753,0.685,0.623,,,,,,,,,,,"Considering 219-220, same temps but different SR","Run in 6hr,10Cores, 2GB ram",
232,PT_IIT_Z,1,400000,50,,2,861,,20000,bimodal,1000,sq,1.898,1.725,1.568,1.425,1.295,1.188,1.09,1,0.92,0.846,0.778,0.716,0.659,,,,,,,,,,,"Considering 219-220, same temps but different SR","Run in 6hr,10Cores, 2GB ram",
233,PT_IIT_Z,1,400000,50,,2,861,,20000,bimodal,1000,sq,1.803,1.654,1.517,1.392,1.277,1.177,1.085,1,0.915,0.837,0.766,0.701,0.641,,,,,,,,,,,"Considering 219-220, same temps but different SR","Run in 6hr,10Cores, 2GB ram",
234,PT_IIT_Z,1,400000,50,,2,861,,20000,bimodal,1000,sq,1.745,1.608,1.482,1.366,1.259,1.166,1.08,1,0.91,0.828,0.753,0.685,0.623,,,,,,,,,,,"Considering 219-220, same temps but different SR","Run in 6hr,10Cores, 2GB ram",
235,PT_A_IIT,1,,100,8000,2,862,,20000,bimodal,1000,sq,1.351,1.284,1.221,1.161,1.105,1.051,1,0.96,0.922,0.885,0.85,0.816,0.783,,,,,,,,-1,0,never,Considering 211-216,"Run in 1.5hr,10Cores, 2GB ram","Increase 30% burn-in, 4X number of swaps"
236,PT_A_IIT,1,,100,8000,2,862,,20000,bimodal,1000,sq,1.36,1.292,1.227,1.165,1.107,1.052,1,0.955,0.912,0.871,0.832,0.795,0.759,,,,,,,,-1,0,never,Considering 211-216,"Run in 1.5hr,10Cores, 2GB ram",
237,PT_A_IIT,1,,100,8000,2,862,,20000,bimodal,1000,sq,1.367,1.297,1.231,1.168,1.109,1.053,1,0.954,0.91,0.868,0.828,0.79,0.754,,,,,,,,-1,0,never,Considering 211-216,"Run in 1.5hr,10Cores, 2GB ram",
238,PT_A_IIT,1,,100,8000,2,862,,20000,bimodal,1000,sq,1.375,1.303,1.235,1.171,1.111,1.054,1,0.953,0.908,0.865,0.824,0.785,0.748,,,,,,,,-1,0,never,Considering 211-216,"Run in 1.5hr,10Cores, 2GB ram",
239,PT_A_IIT,1,,100,8000,2,862,,20000,bimodal,1000,sq,1.382,1.309,1.24,1.174,1.113,1.055,1,0.952,0.906,0.863,0.822,0.783,0.745,,,,,,,,-1,0,never,Considering 211-216,"Run in 1.5hr,10Cores, 2GB ram",
240,PT_A_IIT,1,,100,8000,2,862,,20000,bimodal,1000,sq,1.39,1.315,1.244,1.177,1.115,1.056,1,0.951,0.904,0.86,0.818,0.778,0.74,,,,,,,,-1,0,never,Considering 211-216,"Run in 1.5hr,10Cores, 2GB ram",
241,PT_A_IIT,1,,100,8000,2,862,,20000,bimodal,1000,sq,1.398,1.321,1.249,1.181,1.117,1.057,1,0.95,0.903,0.858,0.815,0.774,0.735,,,,,,,,-1,0,never,Considering 211-216,"Run in 1.5hr,10Cores, 2GB ram",
242,PT_IIT_Z,1,500000,50,,2,863,,20000,bimodal,800,sq,1.491,1.343,1.21,1.1,1,0.915,0.837,0.766,0.701,0.641,0.587,,,,,,,,,,,,,"Considering 221-228, 10 similar simulations","Run in 4hr,10Cores, 2GB ram","Changes: Reduce interswap 50%, 2 temperatures less, increase iterations 100k"
243,PT_IIT_Z,1,500000,50,,2,864,,20000,bimodal,800,sq,1.491,1.343,1.21,1.1,1,0.915,0.837,0.766,0.701,0.641,0.587,,,,,,,,,,,,,,,
244,PT_IIT_Z,1,500000,50,,2,865,,20000,bimodal,800,sq,1.491,1.343,1.21,1.1,1,0.915,0.837,0.766,0.701,0.641,0.587,,,,,,,,,,,,,,"Run in 5hr,10Cores, 2GB ram",
245,PT_IIT_Z,1,500000,50,,2,866,,20000,bimodal,800,sq,1.491,1.343,1.21,1.1,1,0.915,0.837,0.766,0.701,0.641,0.587,,,,,,,,,,,,,,,
246,PT_IIT_Z,1,500000,50,,2,867,,20000,bimodal,800,sq,1.491,1.343,1.21,1.1,1,0.915,0.837,0.766,0.701,0.641,0.587,,,,,,,,,,,,,,,
247,PT_IIT_Z,1,500000,50,,2,868,,20000,bimodal,800,sq,1.491,1.343,1.21,1.1,1,0.915,0.837,0.766,0.701,0.641,0.587,,,,,,,,,,,,,,,
248,PT_IIT_Z,1,500000,50,,2,869,,20000,bimodal,800,sq,1.491,1.343,1.21,1.1,1,0.915,0.837,0.766,0.701,0.641,0.587,,,,,,,,,,,,,,,
249,PT_IIT_Z,1,500000,50,,2,870,,20000,bimodal,800,sq,1.491,1.343,1.21,1.1,1,0.915,0.837,0.766,0.701,0.641,0.587,,,,,,,,,,,,,,,
250,PT_IIT_Z,1,500000,50,,2,871,,20000,bimodal,800,sq,1.491,1.343,1.21,1.1,1,0.915,0.837,0.766,0.701,0.641,0.587,,,,,,,,,,,,,,,
251,PT_IIT_Z,1,500000,50,,2,872,,20000,bimodal,800,sq,1.491,1.343,1.21,1.1,1,0.915,0.837,0.766,0.701,0.641,0.587,,,,,,,,,,,,,,"Run in 5hr,10Cores, 2GB ram",
252,PT_A_IIT,1,,100,16000,2,873,,20000,bimodal,800,sq,1.303,1.235,1.171,1.111,1.054,1,0.952,0.922,0.885,0.85,0.816,,,,,,,,,,-1,0,never,Considering 235-241,"Run in 1.5hr,10Cores, 2GB ram","2 temperatures less, reduce interswap 50%, increase 8k swaps (100%)"
253,PT_A_IIT,1,,100,16000,2,874,,20000,bimodal,800,sq,1.303,1.235,1.171,1.111,1.054,1,0.952,0.922,0.885,0.85,0.816,,,,,,,,,,-1,0,never,Considering 235-241,,
254,PT_A_IIT,1,,100,16000,2,875,,20000,bimodal,800,sq,1.303,1.235,1.171,1.111,1.054,1,0.952,0.922,0.885,0.85,0.816,,,,,,,,,,-1,0,never,Considering 235-241,,
255,PT_A_IIT,1,,100,16000,2,876,,20000,bimodal,800,sq,1.303,1.235,1.171,1.111,1.054,1,0.952,0.922,0.885,0.85,0.816,,,,,,,,,,-1,0,never,Considering 235-241,,
256,PT_A_IIT,1,,100,16000,2,877,,20000,bimodal,800,sq,1.303,1.235,1.171,1.111,1.054,1,0.952,0.922,0.885,0.85,0.816,,,,,,,,,,-1,0,never,Considering 235-241,,
257,PT_A_IIT,1,,100,16000,2,878,,20000,bimodal,800,sq,1.303,1.235,1.171,1.111,1.054,1,0.952,0.922,0.885,0.85,0.816,,,,,,,,,,-1,0,never,Considering 235-241,,
258,PT_A_IIT,1,,100,16000,2,879,,20000,bimodal,800,sq,1.303,1.235,1.171,1.111,1.054,1,0.952,0.922,0.885,0.85,0.816,,,,,,,,,,-1,0,never,Considering 235-241,,
259,PT_A_IIT,1,,100,16000,2,880,,20000,bimodal,800,sq,1.303,1.235,1.171,1.111,1.054,1,0.952,0.922,0.885,0.85,0.816,,,,,,,,,,-1,0,never,Considering 235-241,,
260,PT_A_IIT,1,,100,16000,2,881,,20000,bimodal,800,sq,1.303,1.235,1.171,1.111,1.054,1,0.952,0.922,0.885,0.85,0.816,,,,,,,,,,-1,0,never,Considering 235-241,,
261,PT_A_IIT,1,,100,16000,2,882,,20000,bimodal,800,sq,1.303,1.235,1.171,1.111,1.054,1,0.952,0.922,0.885,0.85,0.816,,,,,,,,,,-1,0,never,Considering 235-241,,
262,PT_A_IIT,1,,100,10000,2,883,,20000,bimodal,800,sq,1.303,1.235,1.171,1.111,1.054,1,0.952,0.922,0.885,0.85,0.816,,,,,,,,,,-1,0,zero,Considering 235-241,"Run in 1hr, 2GB ram, 10 Cores",
263,PT_A_IIT,1,,100,10000,2,884,,20000,bimodal,800,sq,1.303,1.235,1.171,1.111,1.054,1,0.952,0.922,0.885,0.85,0.816,,,,,,,,,,-1,0,zero,Considering 235-241,"Run in 1hr, 2GB ram, 10 Cores",
264,PT_A_IIT,1,,100,10000,2,885,,20000,bimodal,800,sq,1.303,1.235,1.171,1.111,1.054,1,0.952,0.922,0.885,0.85,0.816,,,,,,,,,,-1,0,zero,Considering 235-241,"Run in 1hr, 2GB ram, 10 Cores",
265,PT_A_IIT,1,,100,10000,2,886,,20000,bimodal,800,sq,1.303,1.235,1.171,1.111,1.054,1,0.952,0.922,0.885,0.85,0.816,,,,,,,,,,-1,0,zero,Considering 235-241,,
266,PT_A_IIT,1,,100,10000,2,887,,20000,bimodal,800,sq,1.303,1.235,1.171,1.111,1.054,1,0.952,0.922,0.885,0.85,0.816,,,,,,,,,,-1,0,zero,Considering 235-241,,
267,PT_A_IIT,1,,100,10000,2,888,,20000,bimodal,800,sq,1.303,1.235,1.171,1.111,1.054,1,0.952,0.922,0.885,0.85,0.816,,,,,,,,,,-1,0,zero,Considering 235-241,,
268,PT_A_IIT,1,,100,10000,2,889,,20000,bimodal,800,sq,1.303,1.235,1.171,1.111,1.054,1,0.952,0.922,0.885,0.85,0.816,,,,,,,,,,-1,0,zero,Considering 235-241,,
269,PT_A_IIT,1,,100,10000,2,890,,20000,bimodal,800,sq,1.303,1.235,1.171,1.111,1.054,1,0.952,0.922,0.885,0.85,0.816,,,,,,,,,,-1,0,zero,Considering 235-241,,
270,PT_A_IIT,1,,100,10000,2,891,,20000,bimodal,800,sq,1.303,1.235,1.171,1.111,1.054,1,0.952,0.922,0.885,0.85,0.816,,,,,,,,,,-1,0,zero,Considering 235-241,,
271,PT_A_IIT,1,,100,10000,2,892,,20000,bimodal,800,sq,1.303,1.235,1.171,1.111,1.054,1,0.952,0.922,0.885,0.85,0.816,,,,,,,,,,-1,0,zero,Considering 235-241,"Run in 1hr, 2GB ram, 10 Cores",
272,PT_IIT_Z,1,600000,50,,2,893,,25000,bimodal,1000,sq,1.804,1.655,1.518,1.394,1.28,1.178,1.085,1,0.92,0.851,0.787,0.724,0.666,,,,,,,,,,,Considering 229-234,"Run in 8hr,10Cores, 2GB ram","Increase iterations in 200k (+50%), increase burn-in 5k (25%)"
273,PT_IIT_Z,1,600000,50,,2,894,,25000,bimodal,1000,sq,1.804,1.655,1.518,1.394,1.28,1.178,1.085,1,0.92,0.851,0.787,0.724,0.666,,,,,,,,,,,Considering 229-234,"Run in 8hr,10Cores, 2GB ram",
274,PT_IIT_Z,1,600000,50,,2,895,,25000,bimodal,1000,sq,1.804,1.655,1.518,1.394,1.28,1.178,1.085,1,0.92,0.851,0.787,0.724,0.666,,,,,,,,,,,Considering 229-234,"Run in 8hr,10Cores, 2GB ram",
275,PT_IIT_Z,1,600000,50,,2,896,,25000,bimodal,1000,sq,1.804,1.655,1.518,1.394,1.28,1.178,1.085,1,0.92,0.851,0.787,0.724,0.666,,,,,,,,,,,Considering 229-234,"Run in 8hr,10Cores, 2GB ram",
276,PT_IIT_Z,1,600000,50,,2,897,,25000,bimodal,1000,sq,1.804,1.655,1.518,1.394,1.28,1.178,1.085,1,0.92,0.851,0.787,0.724,0.666,,,,,,,,,,,Considering 229-234,,
277,PT_IIT_Z,1,600000,50,,2,898,,25000,bimodal,1000,sq,1.804,1.655,1.518,1.394,1.28,1.178,1.085,1,0.92,0.851,0.787,0.724,0.666,,,,,,,,,,,Considering 229-234,,
278,PT_IIT_Z,1,600000,50,,2,899,,25000,bimodal,1000,sq,1.804,1.655,1.518,1.394,1.28,1.178,1.085,1,0.92,0.851,0.787,0.724,0.666,,,,,,,,,,,Considering 229-234,,
279,PT_IIT_Z,1,600000,50,,2,900,,25000,bimodal,1000,sq,1.804,1.655,1.518,1.394,1.28,1.178,1.085,1,0.92,0.851,0.787,0.724,0.666,,,,,,,,,,,Considering 229-234,,
280,PT_IIT_Z,1,600000,50,,2,901,,25000,bimodal,1000,sq,1.804,1.655,1.518,1.394,1.28,1.178,1.085,1,0.92,0.851,0.787,0.724,0.666,,,,,,,,,,,Considering 229-234,,
281,PT_IIT_Z,1,600000,50,,2,902,,25000,bimodal,1000,sq,1.804,1.655,1.518,1.394,1.28,1.178,1.085,1,0.92,0.851,0.787,0.724,0.666,,,,,,,,,,,Considering 229-234,"Run in 11hr,10Cores, 2GB ram",
282,PT_A_IIT,1,,100,16000,2,903,,30000,bimodal,1000,sq,1.385,1.309,1.238,1.172,1.111,1.054,1,0.952,0.906,0.863,0.822,0.785,0.75,,,,,,,,-1,0,never,Considering 235-241,"Run in 3hr,10Cores, 3GB ram",Increase burnin 50% (10k) increase swaps 8k (100%)
283,PT_A_IIT,1,,100,16000,2,904,,30000,bimodal,1000,sq,1.385,1.309,1.238,1.172,1.111,1.054,1,0.952,0.906,0.863,0.822,0.785,0.75,,,,,,,,-1,0,never,Considering 235-241,"Run in 3hr,10Cores, 3GB ram",
284,PT_A_IIT,1,,100,16000,2,905,,30000,bimodal,1000,sq,1.385,1.309,1.238,1.172,1.111,1.054,1,0.952,0.906,0.863,0.822,0.785,0.75,,,,,,,,-1,0,never,Considering 235-241,"Run in 3hr,10Cores, 3GB ram",
285,PT_A_IIT,1,,100,16000,2,906,,30000,bimodal,1000,sq,1.385,1.309,1.238,1.172,1.111,1.054,1,0.952,0.906,0.863,0.822,0.785,0.75,,,,,,,,-1,0,never,Considering 235-241,,
286,PT_A_IIT,1,,100,16000,2,907,,30000,bimodal,1000,sq,1.385,1.309,1.238,1.172,1.111,1.054,1,0.952,0.906,0.863,0.822,0.785,0.75,,,,,,,,-1,0,never,Considering 235-241,,
287,PT_A_IIT,1,,100,16000,2,908,,30000,bimodal,1000,sq,1.385,1.309,1.238,1.172,1.111,1.054,1,0.952,0.906,0.863,0.822,0.785,0.75,,,,,,,,-1,0,never,Considering 235-241,,
288,PT_A_IIT,1,,100,16000,2,909,,30000,bimodal,1000,sq,1.385,1.309,1.238,1.172,1.111,1.054,1,0.952,0.906,0.863,0.822,0.785,0.75,,,,,,,,-1,0,never,Considering 235-241,,
289,PT_A_IIT,1,,100,16000,2,910,,30000,bimodal,1000,sq,1.385,1.309,1.238,1.172,1.111,1.054,1,0.952,0.906,0.863,0.822,0.785,0.75,,,,,,,,-1,0,never,Considering 235-241,,
290,PT_A_IIT,1,,100,16000,2,911,,30000,bimodal,1000,sq,1.385,1.309,1.238,1.172,1.111,1.054,1,0.952,0.906,0.863,0.822,0.785,0.75,,,,,,,,-1,0,never,Considering 235-241,,
291,PT_A_IIT,1,,100,16000,2,912,,30000,bimodal,1000,sq,1.385,1.309,1.238,1.172,1.111,1.054,1,0.952,0.906,0.863,0.822,0.785,0.75,,,,,,,,-1,0,never,Considering 235-241,"Run in 3hr,10Cores, 3GB ram",
292,PT_A_IIT,1,,100,16000,2,913,,30000,bimodal,1000,sq,1.385,1.309,1.238,1.172,1.111,1.054,1,0.952,0.906,0.863,0.822,0.785,0.75,,,,,,,,-1,0,zero,Considering 235-241,"Run in 2.5hr,10Cores, 3GB ram",Increase burnin 50% (10k) increase swaps 8k (100%)
293,PT_A_IIT,1,,100,16000,2,914,,30000,bimodal,1000,sq,1.385,1.309,1.238,1.172,1.111,1.054,1,0.952,0.906,0.863,0.822,0.785,0.75,,,,,,,,-1,0,zero,Considering 235-241,"Run in 2.5hr,10Cores, 3GB ram",
294,PT_A_IIT,1,,100,16000,2,915,,30000,bimodal,1000,sq,1.385,1.309,1.238,1.172,1.111,1.054,1,0.952,0.906,0.863,0.822,0.785,0.75,,,,,,,,-1,0,zero,Considering 235-241,"Run in 2.5hr,10Cores, 3GB ram",
295,PT_A_IIT,1,,100,16000,2,916,,30000,bimodal,1000,sq,1.385,1.309,1.238,1.172,1.111,1.054,1,0.952,0.906,0.863,0.822,0.785,0.75,,,,,,,,-1,0,zero,Considering 235-241,"Run in 2.5hr,10Cores, 3GB ram",
296,PT_A_IIT,1,,100,16000,2,917,,30000,bimodal,1000,sq,1.385,1.309,1.238,1.172,1.111,1.054,1,0.952,0.906,0.863,0.822,0.785,0.75,,,,,,,,-1,0,zero,Considering 235-241,,
297,PT_A_IIT,1,,100,16000,2,918,,30000,bimodal,1000,sq,1.385,1.309,1.238,1.172,1.111,1.054,1,0.952,0.906,0.863,0.822,0.785,0.75,,,,,,,,-1,0,zero,Considering 235-241,,
298,PT_A_IIT,1,,100,16000,2,919,,30000,bimodal,1000,sq,1.385,1.309,1.238,1.172,1.111,1.054,1,0.952,0.906,0.863,0.822,0.785,0.75,,,,,,,,-1,0,zero,Considering 235-241,,
299,PT_A_IIT,1,,100,16000,2,920,,30000,bimodal,1000,sq,1.385,1.309,1.238,1.172,1.111,1.054,1,0.952,0.906,0.863,0.822,0.785,0.75,,,,,,,,-1,0,zero,Considering 235-241,,
300,PT_A_IIT,1,,100,16000,2,921,,30000,bimodal,1000,sq,1.385,1.309,1.238,1.172,1.111,1.054,1,0.952,0.906,0.863,0.822,0.785,0.75,,,,,,,,-1,0,zero,Considering 235-241,,
301,PT_A_IIT,1,,100,16000,2,922,,30000,bimodal,1000,sq,1.385,1.309,1.238,1.172,1.111,1.054,1,0.952,0.906,0.863,0.822,0.785,0.75,,,,,,,,-1,0,zero,Considering 235-241,"Run in 2.5hr,10Cores, 3GB ram",
302,PT_IIT_Z,1,1000000,50,,2,923,,20000,bimodal,800,sq,1,0.915,0.837,0.766,0.701,0.641,0.585,,,,,,,,,,,,,,,,,"Considering 242-251, eliminating temperatures higher than 1","Run in 4hr,10Cores, 2GB ram","Changes: Delete 6 of 13 temperatures, increase iterations (+100%)"
303,PT_IIT_Z,1,1000000,50,,2,924,,20000,bimodal,800,sq,1,0.915,0.837,0.766,0.701,0.641,0.585,,,,,,,,,,,,,,,,,,,
304,PT_IIT_Z,1,1000000,50,,2,925,,20000,bimodal,800,sq,1,0.915,0.837,0.766,0.701,0.641,0.585,,,,,,,,,,,,,,,,,,,
305,PT_IIT_Z,1,1000000,50,,2,926,,20000,bimodal,800,sq,1,0.915,0.837,0.766,0.701,0.641,0.585,,,,,,,,,,,,,,,,,,,
306,PT_IIT_Z,1,1000000,50,,2,927,,20000,bimodal,800,sq,1,0.915,0.837,0.766,0.701,0.641,0.585,,,,,,,,,,,,,,,,,,,
307,PT_IIT_Z,1,1000000,50,,2,928,,20000,bimodal,800,sq,1,0.915,0.837,0.766,0.701,0.641,0.585,,,,,,,,,,,,,,,,,,,
308,PT_IIT_Z,1,1000000,50,,2,929,,20000,bimodal,800,sq,1,0.915,0.837,0.766,0.701,0.641,0.585,,,,,,,,,,,,,,,,,,,
309,PT_IIT_Z,1,1000000,50,,2,930,,20000,bimodal,800,sq,1,0.915,0.837,0.766,0.701,0.641,0.585,,,,,,,,,,,,,,,,,,,
310,PT_IIT_Z,1,1000000,50,,2,931,,20000,bimodal,800,sq,1,0.915,0.837,0.766,0.701,0.641,0.585,,,,,,,,,,,,,,,,,,,
311,PT_IIT_Z,1,1000000,50,,2,932,,20000,bimodal,800,sq,1,0.915,0.837,0.766,0.701,0.641,0.585,,,,,,,,,,,,,,,,,,,
312,PT_A_IIT,1,,100,30000,2,933,,20000,bimodal,800,sq,1,0.951,0.918,0.881,0.846,0.812,0.78,,,,,,,,,,,,,,-1,0,never,Considering 252-261,"Run in 1.5hr, 3GB ram, 10 Cores","Delete 4 of 11 temperatures, duplicate total swaps"
313,PT_A_IIT,1,,100,30000,2,934,,20000,bimodal,800,sq,1,0.951,0.918,0.881,0.846,0.812,0.78,,,,,,,,,,,,,,-1,0,never,Considering 252-261,,
314,PT_A_IIT,1,,100,30000,2,935,,20000,bimodal,800,sq,1,0.951,0.918,0.881,0.846,0.812,0.78,,,,,,,,,,,,,,-1,0,never,Considering 252-261,,
315,PT_A_IIT,1,,100,30000,2,936,,20000,bimodal,800,sq,1,0.951,0.918,0.881,0.846,0.812,0.78,,,,,,,,,,,,,,-1,0,never,Considering 252-261,,
316,PT_A_IIT,1,,100,30000,2,937,,20000,bimodal,800,sq,1,0.951,0.918,0.881,0.846,0.812,0.78,,,,,,,,,,,,,,-1,0,never,Considering 252-261,,
317,PT_A_IIT,1,,100,30000,2,938,,20000,bimodal,800,sq,1,0.951,0.918,0.881,0.846,0.812,0.78,,,,,,,,,,,,,,-1,0,never,Considering 252-261,,
318,PT_A_IIT,1,,100,30000,2,939,,20000,bimodal,800,sq,1,0.951,0.918,0.881,0.846,0.812,0.78,,,,,,,,,,,,,,-1,0,never,Considering 252-261,,
319,PT_A_IIT,1,,100,30000,2,940,,20000,bimodal,800,sq,1,0.951,0.918,0.881,0.846,0.812,0.78,,,,,,,,,,,,,,-1,0,never,Considering 252-261,,
320,PT_A_IIT,1,,100,30000,2,941,,20000,bimodal,800,sq,1,0.951,0.918,0.881,0.846,0.812,0.78,,,,,,,,,,,,,,-1,0,never,Considering 252-261,,
321,PT_A_IIT,1,,100,30000,2,942,,20000,bimodal,800,sq,1,0.951,0.918,0.881,0.846,0.812,0.78,,,,,,,,,,,,,,-1,0,never,Considering 252-261,,
322,PT_A_IIT,1,,100,30000,2,943,,20000,bimodal,800,sq,1,0.951,0.918,0.881,0.846,0.812,0.78,,,,,,,,,,,,,,-1,0,zero,Considering 262-271,"Run in 1hr, 2GB ram, 1","Changes: delete 4 of 11 temperatures, triplicate swaps"
323,PT_A_IIT,1,,100,30000,2,944,,20000,bimodal,800,sq,1,0.951,0.918,0.881,0.846,0.812,0.78,,,,,,,,,,,,,,-1,0,zero,Considering 262-271,,
324,PT_A_IIT,1,,100,30000,2,945,,20000,bimodal,800,sq,1,0.951,0.918,0.881,0.846,0.812,0.78,,,,,,,,,,,,,,-1,0,zero,Considering 262-271,,
325,PT_A_IIT,1,,100,30000,2,946,,20000,bimodal,800,sq,1,0.951,0.918,0.881,0.846,0.812,0.78,,,,,,,,,,,,,,-1,0,zero,Considering 262-271,,
326,PT_A_IIT,1,,100,30000,2,947,,20000,bimodal,800,sq,1,0.951,0.918,0.881,0.846,0.812,0.78,,,,,,,,,,,,,,-1,0,zero,Considering 262-271,,
327,PT_A_IIT,1,,100,30000,2,948,,20000,bimodal,800,sq,1,0.951,0.918,0.881,0.846,0.812,0.78,,,,,,,,,,,,,,-1,0,zero,Considering 262-271,,
328,PT_A_IIT,1,,100,30000,2,949,,20000,bimodal,800,sq,1,0.951,0.918,0.881,0.846,0.812,0.78,,,,,,,,,,,,,,-1,0,zero,Considering 262-271,,
329,PT_A_IIT,1,,100,30000,2,950,,20000,bimodal,800,sq,1,0.951,0.918,0.881,0.846,0.812,0.78,,,,,,,,,,,,,,-1,0,zero,Considering 262-271,,
330,PT_A_IIT,1,,100,30000,2,951,,20000,bimodal,800,sq,1,0.951,0.918,0.881,0.846,0.812,0.78,,,,,,,,,,,,,,-1,0,zero,Considering 262-271,,
331,PT_A_IIT,1,,100,30000,2,952,,20000,bimodal,800,sq,1,0.951,0.918,0.881,0.846,0.812,0.78,,,,,,,,,,,,,,-1,0,zero,Considering 262-271,,
332,PT_IIT_Z,1,1200000,50,,2,953,,25000,bimodal,1000,sq,1,0.92,0.851,0.787,0.728,0.673,0.64,,,,,,,,,,,,,,,,,Considering 272-281,"Run in 8hr,10Cores, 2GB ram",duplicate iterations delete 6 temperatures of 13
333,PT_IIT_Z,1,1200000,50,,2,954,,25000,bimodal,1000,sq,1,0.92,0.851,0.787,0.728,0.673,0.64,,,,,,,,,,,,,,,,,Considering 272-281,,
334,PT_IIT_Z,1,1200000,50,,2,955,,25000,bimodal,1000,sq,1,0.92,0.851,0.787,0.728,0.673,0.64,,,,,,,,,,,,,,,,,Considering 272-281,,
335,PT_IIT_Z,1,1200000,50,,2,956,,25000,bimodal,1000,sq,1,0.92,0.851,0.787,0.728,0.673,0.64,,,,,,,,,,,,,,,,,Considering 272-281,,
336,PT_IIT_Z,1,1200000,50,,2,957,,25000,bimodal,1000,sq,1,0.92,0.851,0.787,0.728,0.673,0.64,,,,,,,,,,,,,,,,,Considering 272-281,,
337,PT_IIT_Z,1,1200000,50,,2,958,,25000,bimodal,1000,sq,1,0.92,0.851,0.787,0.728,0.673,0.64,,,,,,,,,,,,,,,,,Considering 272-281,,
338,PT_IIT_Z,1,1200000,50,,2,959,,25000,bimodal,1000,sq,1,0.92,0.851,0.787,0.728,0.673,0.64,,,,,,,,,,,,,,,,,Considering 272-281,,
339,PT_IIT_Z,1,1200000,50,,2,960,,25000,bimodal,1000,sq,1,0.92,0.851,0.787,0.728,0.673,0.64,,,,,,,,,,,,,,,,,Considering 272-281,,
340,PT_IIT_Z,1,1200000,50,,2,961,,25000,bimodal,1000,sq,1,0.92,0.851,0.787,0.728,0.673,0.64,,,,,,,,,,,,,,,,,Considering 272-281,,
341,PT_IIT_Z,1,1200000,50,,2,962,,25000,bimodal,1000,sq,1,0.92,0.851,0.787,0.728,0.673,0.64,,,,,,,,,,,,,,,,,Considering 272-281,,
342,PT_A_IIT,1,,100,32000,2,963,,30000,bimodal,1000,sq,1,0.952,0.906,0.863,0.822,0.785,0.749,,,,,,,,,,,,,,-1,0,never,Considering 282-291,"Run in 3hr,10Cores, 3GB ram","Duplicate total swaps, delete 6 of 13 temperatures"
343,PT_A_IIT,1,,100,32000,2,964,,30000,bimodal,1000,sq,1,0.952,0.906,0.863,0.822,0.785,0.749,,,,,,,,,,,,,,-1,0,never,Considering 282-291,,
344,PT_A_IIT,1,,100,32000,2,965,,30000,bimodal,1000,sq,1,0.952,0.906,0.863,0.822,0.785,0.749,,,,,,,,,,,,,,-1,0,never,Considering 282-291,,
345,PT_A_IIT,1,,100,32000,2,966,,30000,bimodal,1000,sq,1,0.952,0.906,0.863,0.822,0.785,0.749,,,,,,,,,,,,,,-1,0,never,Considering 282-291,,
346,PT_A_IIT,1,,100,32000,2,967,,30000,bimodal,1000,sq,1,0.952,0.906,0.863,0.822,0.785,0.749,,,,,,,,,,,,,,-1,0,never,Considering 282-291,,
347,PT_A_IIT,1,,100,32000,2,968,,30000,bimodal,1000,sq,1,0.952,0.906,0.863,0.822,0.785,0.749,,,,,,,,,,,,,,-1,0,never,Considering 282-291,,
348,PT_A_IIT,1,,100,32000,2,969,,30000,bimodal,1000,sq,1,0.952,0.906,0.863,0.822,0.785,0.749,,,,,,,,,,,,,,-1,0,never,Considering 282-291,,
349,PT_A_IIT,1,,100,32000,2,970,,30000,bimodal,1000,sq,1,0.952,0.906,0.863,0.822,0.785,0.749,,,,,,,,,,,,,,-1,0,never,Considering 282-291,,
350,PT_A_IIT,1,,100,32000,2,971,,30000,bimodal,1000,sq,1,0.952,0.906,0.863,0.822,0.785,0.749,,,,,,,,,,,,,,-1,0,never,Considering 282-291,,
351,PT_A_IIT,1,,100,32000,2,972,,30000,bimodal,1000,sq,1,0.952,0.906,0.863,0.822,0.785,0.749,,,,,,,,,,,,,,-1,0,never,Considering 282-291,,
352,PT_A_IIT,1,,100,32000,2,973,,30000,bimodal,1000,sq,1,0.952,0.906,0.863,0.822,0.785,0.749,,,,,,,,,,,,,,-1,0,zero,Considering 292-301,"Run in 2.5hr,10Cores, 3GB ram","Duplicate total swaps, delete 6 of 13 temperatures"
353,PT_A_IIT,1,,100,32000,2,974,,30000,bimodal,1000,sq,1,0.952,0.906,0.863,0.822,0.785,0.749,,,,,,,,,,,,,,-1,0,zero,Considering 292-301,,
354,PT_A_IIT,1,,100,32000,2,975,,30000,bimodal,1000,sq,1,0.952,0.906,0.863,0.822,0.785,0.749,,,,,,,,,,,,,,-1,0,zero,Considering 292-301,,
355,PT_A_IIT,1,,100,32000,2,976,,30000,bimodal,1000,sq,1,0.952,0.906,0.863,0.822,0.785,0.749,,,,,,,,,,,,,,-1,0,zero,Considering 292-301,,
356,PT_A_IIT,1,,100,32000,2,977,,30000,bimodal,1000,sq,1,0.952,0.906,0.863,0.822,0.785,0.749,,,,,,,,,,,,,,-1,0,zero,Considering 292-301,,
357,PT_A_IIT,1,,100,32000,2,978,,30000,bimodal,1000,sq,1,0.952,0.906,0.863,0.822,0.785,0.749,,,,,,,,,,,,,,-1,0,zero,Considering 292-301,,
358,PT_A_IIT,1,,100,32000,2,979,,30000,bimodal,1000,sq,1,0.952,0.906,0.863,0.822,0.785,0.749,,,,,,,,,,,,,,-1,0,zero,Considering 292-301,,
359,PT_A_IIT,1,,100,32000,2,980,,30000,bimodal,1000,sq,1,0.952,0.906,0.863,0.822,0.785,0.749,,,,,,,,,,,,,,-1,0,zero,Considering 292-301,,
360,PT_A_IIT,1,,100,32000,2,981,,30000,bimodal,1000,sq,1,0.952,0.906,0.863,0.822,0.785,0.749,,,,,,,,,,,,,,-1,0,zero,Considering 292-301,,
361,PT_A_IIT,1,,100,32000,2,982,,30000,bimodal,1000,sq,1,0.952,0.906,0.863,0.822,0.785,0.749,,,,,,,,,,,,,,-1,0,zero,Considering 292-301,,
362,PT_IIT_Z,1,1500000,50,,2,983,,1000,bimodal,1000,sq,1.60616590748202,1.455741504925,1.319405,1.195837,1.092478,1,0.917675,0.846553,0.78432,,,,,,,,,,,,,,,Run in Beluga 56485316,"Run in 3hr, 20 Cores, 1GB ram",
363,PT_IIT_Z,1,1500000,50,,2,984,,1000,bimodal,1000,sq,1.60616590748202,1.455741504925,1.319405,1.195837,1.092478,1,0.917675,0.846553,0.78432,,,,,,,,,,,,,,,Run in Beluga 56485316,"Run in 3hr, 20 Cores, 1GB ram",
364,PT_IIT_Z,1,1500000,50,,2,985,,1000,bimodal,1000,sq,1.60616590748202,1.455741504925,1.319405,1.195837,1.092478,1,0.917675,0.846553,0.78432,,,,,,,,,,,,,,,Run in Beluga 56485316,"Run in 3hr, 20 Cores, 1GB ram",
365,PT_IIT_Z,1,1500000,50,,2,986,,1000,bimodal,1000,sq,1.60616590748202,1.455741504925,1.319405,1.195837,1.092478,1,0.917675,0.846553,0.78432,,,,,,,,,,,,,,,Run in Beluga 56485316,"Run in 3hr, 20 Cores, 1GB ram",
366,PT_IIT_Z,1,1500000,50,,2,987,,1000,bimodal,1000,sq,1.60616590748202,1.455741504925,1.319405,1.195837,1.092478,1,0.917675,0.846553,0.78432,,,,,,,,,,,,,,,Run in Beluga 56485316,"Run in 3hr, 20 Cores, 1GB ram",
367,PT_IIT_Z,1,5000000,50,,2,988,,1000,bimodal,1000,sq,1.63,1.47,1.31,1.194,1.091,1,,,,,,,,,,,,,,,,,,,"Run in 6hr, 20 Cores, 1GB ram",
368,PT_IIT_Z,1,5000000,50,,2,989,,1000,bimodal,1000,sq,1.63,1.47,1.31,1.194,1.091,1,,,,,,,,,,,,,,,,,,,"Run in 6hr, 20 Cores, 1GB ram",
369,PT_IIT_Z,1,5000000,50,,2,990,,1000,bimodal,1000,sq,1.63,1.47,1.31,1.194,1.091,1,,,,,,,,,,,,,,,,,,,"Run in 6hr, 20 Cores, 1GB ram",
370,PT_IIT_Z,1,5000000,50,,2,991,,1000,bimodal,1000,sq,1.63,1.47,1.31,1.194,1.091,1,,,,,,,,,,,,,,,,,,,"Run in 6hr, 20 Cores, 1GB ram",
371,PT_IIT_Z,1,5000000,50,,2,992,,1000,bimodal,1000,sq,1.63,1.47,1.31,1.194,1.091,1,,,,,,,,,,,,,,,,,,,"Run in 6hr, 20 Cores, 1GB ram",
372,PT_IIT_Z,1,10000000,50,,2,993,,1000,bimodal,1000,sq,1.633,1.463,1.308,1.192,1.09,1,,,,,,,,,,,,,,,,,,,,
373,PT_IIT_Z,1,10000000,50,,2,994,,1000,bimodal,1000,sq,1.633,1.463,1.308,1.192,1.09,1,,,,,,,,,,,,,,,,,,,,
374,PT_IIT_Z,1,10000000,50,,2,995,,1000,bimodal,1000,sq,1.633,1.463,1.308,1.192,1.09,1,,,,,,,,,,,,,,,,,,,,
375,PT_IIT_Z,1,10000000,50,,2,996,,1000,bimodal,1000,sq,1.633,1.463,1.308,1.192,1.09,1,,,,,,,,,,,,,,,,,,,,
376,PT_IIT_Z,1,10000000,50,,2,997,,1000,bimodal,1000,sq,1.633,1.463,1.308,1.192,1.09,1,,,,,,,,,,,,,,,,,,,,
377,PT_IIT_Z,1,10000000,100,,2,998,,1000,bimodal,1000,sq,1.633,1.463,1.308,1.192,1.09,1,,,,,,,,,,,,,,,,,,,,
378,PT_IIT_Z,1,10000000,100,,2,999,,1000,bimodal,1000,sq,1.633,1.463,1.308,1.192,1.09,1,,,,,,,,,,,,,,,,,,,,
379,PT_IIT_Z,1,10000000,100,,2,1000,,1000,bimodal,1000,sq,1.633,1.463,1.308,1.192,1.09,1,,,,,,,,,,,,,,,,,,,,
380,PT_IIT_Z,1,10000000,100,,2,1001,,1000,bimodal,1000,sq,1.633,1.463,1.308,1.192,1.09,1,,,,,,,,,,,,,,,,,,,,
381,PT_IIT_Z,1,10000000,100,,2,1002,,1000,bimodal,1000,sq,1.633,1.463,1.308,1.192,1.09,1,,,,,,,,,,,,,,,,,,,,
382,PT_IIT_Z,1,10000000,150,,2,1003,,1000,bimodal,1000,sq,1.633,1.463,1.308,1.192,1.09,1,,,,,,,,,,,,,,,,,,,,
383,PT_IIT_Z,1,10000000,150,,2,1004,,1000,bimodal,1000,sq,1.633,1.463,1.308,1.192,1.09,1,,,,,,,,,,,,,,,,,,,,
384,PT_IIT_Z,1,10000000,150,,2,1005,,1000,bimodal,1000,sq,1.633,1.463,1.308,1.192,1.09,1,,,,,,,,,,,,,,,,,,,,
385,PT_IIT_Z,1,10000000,150,,2,1006,,1000,bimodal,1000,sq,1.633,1.463,1.308,1.192,1.09,1,,,,,,,,,,,,,,,,,,,,
386,PT_IIT_Z,1,10000000,150,,2,1007,,1000,bimodal,1000,sq,1.633,1.463,1.308,1.192,1.09,1,,,,,,,,,,,,,,,,,,,,
387,PT_A_IIT,1,,300,60000,,1008,,10000,bimodal,1000,sq,1.6,1.459,1.361,1.273,1.196,1.123,1.056,1,,,,,,,,,,,,,,,,Run in Beluga,"Run in 2hr, 10 Cores, 1Gb ram",
388,PT_A_IIT,1,,300,60000,,1009,,10000,bimodal,1000,sq,1.6,1.459,1.361,1.273,1.196,1.123,1.056,1,,,,,,,,,,,,,,,,Run in Beluga,"Run in 2hr, 10 Cores, 1Gb ram",
389,PT_A_IIT,1,,300,60000,,1010,,10000,bimodal,1000,sq,1.6,1.459,1.361,1.273,1.196,1.123,1.056,1,,,,,,,,,,,,,,,,Run in Beluga,"Run in 2hr, 10 Cores, 1Gb ram",
390,PT_A_IIT,1,,300,60000,,1011,,10000,bimodal,1000,sq,1.6,1.459,1.361,1.273,1.196,1.123,1.056,1,,,,,,,,,,,,,,,,Run in Beluga,"Run in 2hr, 10 Cores, 1Gb ram",
391,PT_A_IIT,1,,300,60000,,1012,,10000,bimodal,1000,sq,1.6,1.459,1.361,1.273,1.196,1.123,1.056,1,,,,,,,,,,,,,,,,Run in Beluga,"Run in 2hr, 10 Cores, 1Gb ram",
392,PT_A_IIT,1,,300,100000,,1013,,10000,bimodal,1000,sq,1.575,1.448,1.351,1.267,1.191,1.119,1.054,1,,,,,,,,,,,,,,,,,"Run in 3hr, 10 Cores, 1Gb ram",
393,PT_A_IIT,1,,300,100000,,1014,,10000,bimodal,1000,sq,1.575,1.448,1.351,1.267,1.191,1.119,1.054,1,,,,,,,,,,,,,,,,,"Run in 3hr, 10 Cores, 1Gb ram",
394,PT_A_IIT,1,,300,100000,,1015,,10000,bimodal,1000,sq,1.575,1.448,1.351,1.267,1.191,1.119,1.054,1,,,,,,,,,,,,,,,,,"Run in 3hr, 10 Cores, 1Gb ram",
395,PT_A_IIT,1,,300,100000,,1016,,10000,bimodal,1000,sq,1.575,1.448,1.351,1.267,1.191,1.119,1.054,1,,,,,,,,,,,,,,,,,"Run in 3hr, 10 Cores, 1Gb ram",
396,PT_A_IIT,1,,300,100000,,1017,,10000,bimodal,1000,sq,1.575,1.448,1.351,1.267,1.191,1.119,1.054,1,,,,,,,,,,,,,,,,,"Run in 3hr, 10 Cores, 1Gb ram",
397,PT_IIT_Z,1,15000,100,,2,1,,3000,bimodal,1000,sq,1.66,1.48,1.32,1.185,1.088,1,,,,,,,,,,,,,,,,,,,,
398,PT_IIT_Z,1,15000,100,,2,2,,3000,bimodal,1000,sq,1.66,1.48,1.32,1.185,1.088,1,,,,,,,,,,,,,,,,,,,,
399,PT_IIT_Z,1,15000,100,,2,3,,3000,bimodal,1000,sq,1.66,1.48,1.32,1.185,1.088,1,,,,,,,,,,,,,,,,,,,,
400,PT_IIT_Z,1,15000,100,,2,4,,3000,bimodal,1000,sq,1.66,1.48,1.32,1.185,1.088,1,,,,,,,,,,,,,,,,,,,,
401,PT_IIT_Z,1,15000,100,,2,401,,3000,bimodal,1000,sq,1.62,1.5,1.295,1.184,1.088,1,,,,,,,,,,,,,,,,,,,,
402,PT_IIT_Z,1,15000,100,,2,402,,3000,bimodal,1000,sq,1.62,1.5,1.295,1.184,1.088,1,,,,,,,,,,,,,,,,,,,,
403,PT_IIT_Z,1,15000,100,,2,403,,3000,bimodal,1000,sq,1.62,1.5,1.295,1.184,1.088,1,,,,,,,,,,,,,,,,,,,,
404,PT_IIT_Z,1,15000,100,,2,404,,3000,bimodal,1000,sq,1.62,1.5,1.295,1.184,1.088,1,,,,,,,,,,,,,,,,,,,,
405,PT_IIT_Z,1,15000,100,,2,123,,3000,bimodal,1000,sq,1.6,1.433,1.297,1.184,1.087,1,,,,,,,,,,,,,,,,,,,,
406,PT_IIT_Z,1,15000,100,,2,124,,3000,bimodal,1000,sq,1.6,1.433,1.297,1.184,1.087,1,,,,,,,,,,,,,,,,,,Run in 10min with 12 cores,,
407,PT_IIT_Z,1,15000,100,,2,125,,3000,bimodal,1000,sq,1.6,1.433,1.297,1.184,1.087,1,,,,,,,,,,,,,,,,,,Run in 10min with 12 cores,,
408,PT_IIT_Z,1,15000,100,,2,126,,3000,bimodal,1000,sq,1.6,1.433,1.297,1.184,1.087,1,,,,,,,,,,,,,,,,,,Run in 10min with 12 cores,,
409,PT_IIT_Z,1,15000,100,,2,127,,3000,bimodal,1000,sq,1.6,1.433,1.297,1.184,1.087,1,,,,,,,,,,,,,,,,,,Run in 10min with 12 cores,,
410,PT_IIT_Z,1,15000,100,,2,128,,3000,bimodal,1000,sq,1.6,1.433,1.297,1.184,1.087,1,,,,,,,,,,,,,,,,,,Run in 10min with 12 cores,,
411,PT_IIT_Z,1,15000,100,,2,129,,3000,bimodal,1000,sq,1.6,1.433,1.297,1.184,1.087,1,,,,,,,,,,,,,,,,,,Run in 10min with 12 cores,,
412,PT_IIT_Z,1,15000,100,,2,1210,,3000,bimodal,1000,sq,1.6,1.433,1.297,1.184,1.087,1,,,,,,,,,,,,,,,,,,Run in 10min with 12 cores,,
413,PT_IIT_Z,1,15000,100,,2,130,,3000,bimodal,2000,sq,1.584,1.418,1.284,1.172,1.076,1,,,,,,,,,,,,,,,,,,Run in 10min with 12 cores,,
414,PT_IIT_Z,1,15000,100,,2,131,,3000,bimodal,2000,sq,1.584,1.418,1.284,1.172,1.076,1,,,,,,,,,,,,,,,,,,Run in 10min with 12 cores,,
415,PT_IIT_Z,1,15000,100,,2,132,,3000,bimodal,2000,sq,1.584,1.418,1.284,1.172,1.076,1,,,,,,,,,,,,,,,,,,Run in 10min with 12 cores,,
416,PT_IIT_Z,1,15000,100,,2,133,,3000,bimodal,2000,sq,1.584,1.418,1.284,1.172,1.076,1,,,,,,,,,,,,,,,,,,Run in 10min with 12 cores,,
417,PT_IIT_Z,1,15000,100,,2,417,,3000,bimodal,2000,sq,1.3,1.203,1.163,1.115,1.065,1,,,,,,,,,,,,,,,,,,Run in 10min with 12 cores,,
418,PT_IIT_Z,1,15000,100,,2,418,,3000,bimodal,2000,sq,1.3,1.203,1.163,1.115,1.065,1,,,,,,,,,,,,,,,,,,Run in 10min with 12 cores,,
419,PT_IIT_Z,1,15000,100,,2,419,,3000,bimodal,2000,sq,1.3,1.203,1.163,1.115,1.065,1,,,,,,,,,,,,,,,,,,Run in 10min with 12 cores,,
420,PT_IIT_Z,1,15000,100,,2,420,,3000,bimodal,2000,sq,1.3,1.203,1.163,1.115,1.065,1,,,,,,,,,,,,,,,,,,Run in 10min with 12 cores,,
421,PT_IIT_Z,1,15000,100,,2,421,,3000,bimodal,2000,sq,1.35,1.271,1.175,1.119,1.064,1,,,,,,,,,,,,,,,,,,Run in 10min with 12 cores,,
422,PT_IIT_Z,1,15000,100,,2,422,,3000,bimodal,2000,sq,1.35,1.271,1.175,1.119,1.064,1,,,,,,,,,,,,,,,,,,Run in 10min with 12 cores,,
423,PT_IIT_Z,1,15000,100,,2,423,,3000,bimodal,2000,sq,1.35,1.271,1.175,1.119,1.064,1,,,,,,,,,,,,,,,,,,Run in 10min with 12 cores,,
424,PT_IIT_Z,1,15000,100,,2,424,,3000,bimodal,2000,sq,1.35,1.271,1.175,1.119,1.064,1,,,,,,,,,,,,,,,,,,Run in 10min with 12 cores,,
425,PT_IIT_Z,1,11000,100,,2,425,,3000,bimodal,2000,sq,1.572,1.453,1.37,1.295,1.234,1.155,1.063,1,,,,,,,,,,,,,,,,Run in 10min with 12 cores,,
426,PT_IIT_Z,1,11000,100,,2,426,,3000,bimodal,2000,sq,1.572,1.453,1.37,1.295,1.234,1.155,1.063,1,,,,,,,,,,,,,,,,Run in 10min with 12 cores,,
427,PT_IIT_Z,1,11000,100,,2,427,,3000,bimodal,2000,sq,1.572,1.453,1.37,1.295,1.234,1.155,1.063,1,,,,,,,,,,,,,,,,Run in 10min with 12 cores,,
428,PT_IIT_Z,1,11000,100,,2,428,,3000,bimodal,2000,sq,1.572,1.453,1.37,1.295,1.234,1.155,1.063,1,,,,,,,,,,,,,,,,Run in 10min with 12 cores,,
429,PT_IIT_Z,1,11000,100,,2,429,,3000,bimodal,2000,sq,1.6,1.485,1.387,1.302,1.215,1.137,1.062,1,,,,,,,,,,,,,,,,,,
430,PT_IIT_Z,1,11000,100,,2,430,,3000,bimodal,2000,sq,1.6,1.485,1.387,1.302,1.215,1.137,1.062,1,,,,,,,,,,,,,,,,,,
431,PT_IIT_Z,1,11000,100,,2,431,,3000,bimodal,2000,sq,1.6,1.485,1.387,1.302,1.215,1.137,1.062,1,,,,,,,,,,,,,,,,,,
432,PT_IIT_Z,1,11000,100,,2,432,,3000,bimodal,2000,sq,1.6,1.485,1.387,1.302,1.215,1.137,1.062,1,,,,,,,,,,,,,,,,,,
433,PT_IIT_Z,1,11000,100,,2,433,,3000,bimodal,2000,sq,1.565,1.45,1.348,1.263,1.2,1.131,1.061,1,,,,,,,,,,,,,,,,,,
434,PT_IIT_Z,1,11000,100,,2,434,,3000,bimodal,2000,sq,1.565,1.45,1.348,1.263,1.2,1.131,1.061,1,,,,,,,,,,,,,,,,,,
435,PT_IIT_Z,1,11000,100,,2,435,,3000,bimodal,2000,sq,1.565,1.45,1.348,1.263,1.2,1.131,1.061,1,,,,,,,,,,,,,,,,,,
436,PT_IIT_Z,1,11000,100,,2,436,,3000,bimodal,2000,sq,1.565,1.45,1.348,1.263,1.2,1.131,1.061,1,,,,,,,,,,,,,,,,,,
437,PT_IIT_Z,1,11000,100,,2,437,,3000,bimodal,2000,sq,1.575,1.448,1.346,1.261,1.197,1.128,1.06,1,,,,,,,,,,,,,,,,,,
438,PT_IIT_Z,1,11000,100,,2,438,,3000,bimodal,2000,sq,1.575,1.448,1.346,1.261,1.197,1.128,1.06,1,,,,,,,,,,,,,,,,,,
439,PT_IIT_Z,1,11000,100,,2,439,,3000,bimodal,2000,sq,1.575,1.448,1.346,1.261,1.197,1.128,1.06,1,,,,,,,,,,,,,,,,,,
440,PT_IIT_Z,1,11000,100,,2,440,,3000,bimodal,2000,sq,1.575,1.448,1.346,1.261,1.197,1.128,1.06,1,,,,,,,,,,,,,,,,,,
441,PT_IIT_Z,1,11000,100,,2,441,,3000,bimodal,2000,sq,1.574,1.446,1.346,1.263,1.192,1.127,1.059,1,,,,,,,,,,,,,,,,,,
442,PT_IIT_Z,1,11000,100,,2,442,,3000,bimodal,2000,sq,1.574,1.446,1.346,1.263,1.192,1.127,1.059,1,,,,,,,,,,,,,,,,,,
443,PT_IIT_Z,1,11000,100,,2,443,,3000,bimodal,2000,sq,1.574,1.446,1.346,1.263,1.192,1.127,1.059,1,,,,,,,,,,,,,,,,,,
444,PT_IIT_Z,1,11000,100,,2,444,,3000,bimodal,2000,sq,1.574,1.446,1.346,1.263,1.192,1.127,1.059,1,,,,,,,,,,,,,,,,,,
445,PT_IIT_Z,1,11000,100,,2,445,,3000,bimodal,2000,sq,1.568,1.445,1.349,1.265,1.193,1.127,1.059,1,,,,,,,,,,,,,,,,,,
446,PT_IIT_Z,1,11000,100,,2,446,,3000,bimodal,2000,sq,1.568,1.445,1.349,1.265,1.193,1.127,1.059,1,,,,,,,,,,,,,,,,,,
447,PT_IIT_Z,1,11000,100,,2,447,,3000,bimodal,2000,sq,1.568,1.445,1.349,1.265,1.193,1.127,1.059,1,,,,,,,,,,,,,,,,,,
448,PT_IIT_Z,1,11000,100,,2,448,,3000,bimodal,2000,sq,1.568,1.445,1.349,1.265,1.193,1.127,1.059,1,,,,,,,,,,,,,,,,,,
449,PT_IIT_Z,1,11000,100,,2,449,,3000,bimodal,2000,sq,1.558,1.446,1.35,1.267,1.191,1.126,1.059,1,,,,,,,,,,,,,,,,,,
450,PT_IIT_Z,1,11000,100,,2,450,,3000,bimodal,2000,sq,1.558,1.446,1.35,1.267,1.191,1.126,1.059,1,,,,,,,,,,,,,,,,,,
451,PT_IIT_Z,1,11000,100,,2,451,,3000,bimodal,2000,sq,1.558,1.446,1.35,1.267,1.191,1.126,1.059,1,,,,,,,,,,,,,,,,,,
452,PT_IIT_Z,1,11000,100,,2,452,,3000,bimodal,2000,sq,1.558,1.446,1.35,1.267,1.191,1.126,1.059,1,,,,,,,,,,,,,,,,,,
453,PT_IIT_Z,1,15000,100,,2,453,,3000,bimodal,2000,sq,1.56,1.448,1.352,1.268,1.192,1.125,1.059,1,,,,,,,,,,,,,,,,,,
454,PT_IIT_Z,1,15000,100,,2,454,,3000,bimodal,2000,sq,1.56,1.448,1.352,1.268,1.192,1.125,1.059,1,,,,,,,,,,,,,,,,,,
455,PT_IIT_Z,1,15000,100,,2,455,,3000,bimodal,2000,sq,1.56,1.448,1.352,1.268,1.192,1.125,1.059,1,,,,,,,,,,,,,,,,,,
456,PT_IIT_Z,1,15000,100,,2,456,,3000,bimodal,2000,sq,1.56,1.448,1.352,1.268,1.192,1.125,1.059,1,,,,,,,,,,,,,,,,,,
457,PT_IIT_Z,1,15000,100,,2,457,,3000,bimodal,2000,sq,1.562,1.45,1.353,1.269,1.192,1.125,1.059,1,,,,,,,,,,,,,,,,,,
458,PT_IIT_Z,1,15000,100,,2,458,,3000,bimodal,2000,sq,1.562,1.45,1.353,1.269,1.192,1.125,1.059,1,,,,,,,,,,,,,,,,,,
459,PT_IIT_Z,1,15000,100,,2,459,,3000,bimodal,2000,sq,1.562,1.45,1.353,1.269,1.192,1.125,1.059,1,,,,,,,,,,,,,,,,,,
460,PT_IIT_Z,1,15000,100,,2,460,,3000,bimodal,2000,sq,1.562,1.45,1.353,1.269,1.192,1.125,1.059,1,,,,,,,,,,,,,,,,,,
461,PT_IIT_Z,1,15000,100,,2,461,,3000,bimodal,2000,sq,1.565,1.452,1.353,1.269,1.192,1.125,1.059,1,,,,,,,,,,,,,,,,,,
462,PT_IIT_Z,1,15000,100,,2,462,,3000,bimodal,2000,sq,1.565,1.452,1.353,1.269,1.192,1.125,1.059,1,,,,,,,,,,,,,,,,,,
463,PT_IIT_Z,1,15000,100,,2,463,,3000,bimodal,2000,sq,1.565,1.452,1.353,1.269,1.192,1.125,1.059,1,,,,,,,,,,,,,,,,,,
464,PT_IIT_Z,1,15000,100,,2,464,,3000,bimodal,2000,sq,1.565,1.452,1.353,1.269,1.192,1.125,1.059,1,,,,,,,,,,,,,,,,,,
465,PT_A_IIT,1,,300,500,,465,,10000,bimodal,1000,sq,1.56,1.44,1.345,1.26,1.185,1.113,1.05,1,,,,,,,,,,,,,,,,,"Run in 3hr, 10 Cores, 1Gb ram",
466,PT_A_IIT,1,,300,500,,466,,10000,bimodal,1000,sq,1.56,1.44,1.345,1.26,1.185,1.113,1.05,1,,,,,,,,,,,,,,,,,"Run in 3hr, 10 Cores, 1Gb ram",
467,PT_A_IIT,1,,300,500,,467,,10000,bimodal,1000,sq,1.56,1.44,1.345,1.26,1.185,1.113,1.05,1,,,,,,,,,,,,,,,,,"Run in 3hr, 10 Cores, 1Gb ram",
468,PT_A_IIT,1,,300,500,,468,,10000,bimodal,1000,sq,1.56,1.44,1.345,1.26,1.185,1.113,1.05,1,,,,,,,,,,,,,,,,,"Run in 3hr, 10 Cores, 1Gb ram",
469,PT_A_IIT,1,,300,500,,469,,10000,bimodal,1000,sq,1.56,1.44,1.345,1.26,1.185,1.113,1.05,1,,,,,,,,,,,,,,,,,"Run in 3hr, 10 Cores, 1Gb ram",
470,PT_A_IIT,1,,300,500,,470,,10000,bimodal,1000,sq,1.535,1.435,1.325,1.246,1.181,1.111,1.051,1,,,,,,,,,,,,,,,,,"Run in 3hr, 10 Cores, 1Gb ram",
471,PT_A_IIT,1,,300,500,,471,,10000,bimodal,1000,sq,1.535,1.435,1.325,1.246,1.181,1.111,1.051,1,,,,,,,,,,,,,,,,,"Run in 3hr, 10 Cores, 1Gb ram",
472,PT_A_IIT,1,,300,500,,472,,10000,bimodal,1000,sq,1.535,1.435,1.325,1.246,1.181,1.111,1.051,1,,,,,,,,,,,,,,,,,"Run in 3hr, 10 Cores, 1Gb ram",
473,PT_A_IIT,1,,300,500,,473,,10000,bimodal,1000,sq,1.535,1.435,1.325,1.246,1.181,1.111,1.051,1,,,,,,,,,,,,,,,,,"Run in 3hr, 10 Cores, 1Gb ram",
474,PT_A_IIT,1,,300,500,,474,,10000,bimodal,1000,sq,1.535,1.435,1.325,1.246,1.181,1.111,1.051,1,,,,,,,,,,,,,,,,,"Run in 3hr, 10 Cores, 1Gb ram",
475,PT_A_IIT,1,,300,1000,,475,,10000,bimodal,1000,sq,1.53,1.43,1.322,1.244,1.179,1.111,1.053,1,,,,,,,,,,,,,,,,,"Run in 3hr, 10 Cores, 1Gb ram",
476,PT_A_IIT,1,,300,1000,,476,,10000,bimodal,1000,sq,1.53,1.43,1.322,1.244,1.179,1.111,1.053,1,,,,,,,,,,,,,,,,,"Run in 3hr, 10 Cores, 1Gb ram",
477,PT_A_IIT,1,,300,1000,,477,,10000,bimodal,1000,sq,1.53,1.43,1.322,1.244,1.179,1.111,1.053,1,,,,,,,,,,,,,,,,,"Run in 3hr, 10 Cores, 1Gb ram",
478,PT_A_IIT,1,,300,1000,,478,,10000,bimodal,1000,sq,1.53,1.43,1.322,1.244,1.179,1.111,1.053,1,,,,,,,,,,,,,,,,,"Run in 3hr, 10 Cores, 1Gb ram",
479,PT_A_IIT,1,,300,1000,,479,,10000,bimodal,1000,sq,1.53,1.43,1.322,1.244,1.179,1.111,1.053,1,,,,,,,,,,,,,,,,,"Run in 3hr, 10 Cores, 1Gb ram",
480,PT_A_IIT,1,,300,1000,,480,,10000,bimodal,1000,sq,1.515,1.415,1.316,1.24,1.175,1.11,1.052,1,,,,,,,,,,,,,,,,,"Run in 3hr, 10 Cores, 1Gb ram",
481,PT_A_IIT,1,,300,1000,,481,,10000,bimodal,1000,sq,1.515,1.415,1.316,1.24,1.175,1.11,1.052,1,,,,,,,,,,,,,,,,,"Run in 3hr, 10 Cores, 1Gb ram",
482,PT_A_IIT,1,,300,1000,,482,,10000,bimodal,1000,sq,1.515,1.415,1.316,1.24,1.175,1.11,1.052,1,,,,,,,,,,,,,,,,,"Run in 3hr, 10 Cores, 1Gb ram",
483,PT_A_IIT,1,,300,1000,,483,,10000,bimodal,1000,sq,1.515,1.415,1.316,1.24,1.175,1.11,1.052,1,,,,,,,,,,,,,,,,,"Run in 3hr, 10 Cores, 1Gb ram",
484,PT_A_IIT,1,,300,1000,,484,,10000,bimodal,1000,sq,1.515,1.415,1.316,1.24,1.175,1.11,1.052,1,,,,,,,,,,,,,,,,,"Run in 3hr, 10 Cores, 1Gb ram",
485,PT_A_IIT,1,,300,2000,,485,,20000,bimodal,1000,sq,1.512,1.412,1.314,1.238,1.173,1.109,1.052,1,,,,,,,,,,,,,,,,,"Run in 3hr, 10 Cores, 1Gb ram",
486,PT_A_IIT,1,,300,2000,,486,,20000,bimodal,1000,sq,1.512,1.412,1.314,1.238,1.173,1.109,1.052,1,,,,,,,,,,,,,,,,,"Run in 3hr, 10 Cores, 1Gb ram",
487,PT_A_IIT,1,,300,2000,,487,,20000,bimodal,1000,sq,1.512,1.412,1.314,1.238,1.173,1.109,1.052,1,,,,,,,,,,,,,,,,,"Run in 3hr, 10 Cores, 1Gb ram",
488,PT_A_IIT,1,,300,2000,,488,,20000,bimodal,1000,sq,1.512,1.412,1.314,1.238,1.173,1.109,1.052,1,,,,,,,,,,,,,,,,,"Run in 3hr, 10 Cores, 1Gb ram",
489,PT_A_IIT,1,,300,2000,,489,,20000,bimodal,1000,sq,1.512,1.412,1.314,1.238,1.173,1.109,1.052,1,,,,,,,,,,,,,,,,,"Run in 3hr, 10 Cores, 1Gb ram",
490,PT_A_IIT,1,,300,2000,,490,,20000,bimodal,1000,sq,1.614,1.512,1.412,1.314,1.238,1.173,1.109,1.052,1,,,,,,,,,,,,,,,,"Run in 3hr, 10 Cores, 1Gb ram",
491,PT_A_IIT,1,,300,2000,,491,,20000,bimodal,1000,sq,1.614,1.512,1.412,1.314,1.238,1.173,1.109,1.052,1,,,,,,,,,,,,,,,,"Run in 3hr, 10 Cores, 1Gb ram",
492,PT_A_IIT,1,,300,2000,,492,,20000,bimodal,1000,sq,1.614,1.512,1.412,1.314,1.238,1.173,1.109,1.052,1,,,,,,,,,,,,,,,,"Run in 3hr, 10 Cores, 1Gb ram",
493,PT_A_IIT,1,,300,2000,,493,,20000,bimodal,1000,sq,1.614,1.512,1.412,1.314,1.238,1.173,1.109,1.052,1,,,,,,,,,,,,,,,,"Run in 3hr, 10 Cores, 1Gb ram",
494,PT_A_IIT,1,,300,2000,,494,,20000,bimodal,1000,sq,1.614,1.512,1.412,1.314,1.238,1.173,1.109,1.052,1,,,,,,,,,,,,,,,,"Run in 3hr, 10 Cores, 1Gb ram",
495,PT_A_IIT,1,,300,1000,,495,,10000,bimodal,1000,sq,1.509,1.41,1.314,1.238,1.173,1.109,1.052,1,,,,,,,,,,,,,,,,,"Run in 3hr, 10 Cores, 1Gb ram",
496,PT_A_IIT,1,,300,1000,,496,,10000,bimodal,1000,sq,1.509,1.41,1.314,1.238,1.173,1.109,1.052,1,,,,,,,,,,,,,,,,,"Run in 3hr, 10 Cores, 1Gb ram",
497,PT_A_IIT,1,,300,1000,,497,,10000,bimodal,1000,sq,1.509,1.41,1.314,1.238,1.173,1.109,1.052,1,,,,,,,,,,,,,,,,,"Run in 3hr, 10 Cores, 1Gb ram",
498,PT_A_IIT,1,,300,1000,,498,,10000,bimodal,1000,sq,1.509,1.41,1.314,1.238,1.173,1.109,1.052,1,,,,,,,,,,,,,,,,,"Run in 3hr, 10 Cores, 1Gb ram",
499,PT_A_IIT,1,,300,1000,,499,,10000,bimodal,1000,sq,1.509,1.41,1.314,1.238,1.173,1.109,1.052,1,,,,,,,,,,,,,,,,,"Run in 3hr, 10 Cores, 1Gb ram",
500,PT_A_IIT,1,,300,1000,,500,,10000,bimodal,1000,sq,1.611,1.509,1.41,1.314,1.238,1.173,1.109,1.052,1,,,,,,,,,,,,,,,,"Run in 3hr, 10 Cores, 1Gb ram",
501,PT_A_IIT,1,,300,1000,,501,,10000,bimodal,1000,sq,1.611,1.509,1.41,1.314,1.238,1.173,1.109,1.052,1,,,,,,,,,,,,,,,,"Run in 3hr, 10 Cores, 1Gb ram",
502,PT_A_IIT,1,,300,1000,,502,,10000,bimodal,1000,sq,1.611,1.509,1.41,1.314,1.238,1.173,1.109,1.052,1,,,,,,,,,,,,,,,,"Run in 3hr, 10 Cores, 1Gb ram",
503,PT_A_IIT,1,,300,1000,,503,,10000,bimodal,1000,sq,1.611,1.509,1.41,1.314,1.238,1.173,1.109,1.052,1,,,,,,,,,,,,,,,,"Run in 3hr, 10 Cores, 1Gb ram",
504,PT_A_IIT,1,,300,1000,,504,,10000,bimodal,1000,sq,1.611,1.509,1.41,1.314,1.238,1.173,1.109,1.052,1,,,,,,,,,,,,,,,,"Run in 3hr, 10 Cores, 1Gb ram",
505,PT_A_IIT,1,,300,1000,,505,,10000,bimodal,1000,sq,1.506,1.407,1.314,1.238,1.173,1.109,1.052,1,,,,,,,,,,,,,,,,,"Run in 3hr, 10 Cores, 1Gb ram",
506,PT_A_IIT,1,,300,1000,,506,,10000,bimodal,1000,sq,1.506,1.407,1.314,1.238,1.173,1.109,1.052,1,,,,,,,,,,,,,,,,,"Run in 3hr, 10 Cores, 1Gb ram",
507,PT_A_IIT,1,,300,1000,,507,,10000,bimodal,1000,sq,1.506,1.407,1.314,1.238,1.173,1.109,1.052,1,,,,,,,,,,,,,,,,,"Run in 3hr, 10 Cores, 1Gb ram",
508,PT_A_IIT,1,,300,1000,,508,,10000,bimodal,1000,sq,1.506,1.407,1.314,1.238,1.173,1.109,1.052,1,,,,,,,,,,,,,,,,,"Run in 3hr, 10 Cores, 1Gb ram",
509,PT_A_IIT,1,,300,1000,,509,,10000,bimodal,1000,sq,1.506,1.407,1.314,1.238,1.173,1.109,1.052,1,,,,,,,,,,,,,,,,,"Run in 3hr, 10 Cores, 1Gb ram",
510,PT_A_IIT,1,,300,1000,,510,,10000,bimodal,1000,sq,1.607,1.506,1.407,1.314,1.238,1.173,1.109,1.052,1,,,,,,,,,,,,,,,,,
511,PT_A_IIT,1,,300,1000,,511,,10000,bimodal,1000,sq,1.607,1.506,1.407,1.314,1.238,1.173,1.109,1.052,1,,,,,,,,,,,,,,,,,
512,PT_A_IIT,1,,300,1000,,512,,10000,bimodal,1000,sq,1.607,1.506,1.407,1.314,1.238,1.173,1.109,1.052,1,,,,,,,,,,,,,,,,,
513,PT_A_IIT,1,,300,1000,,513,,10000,bimodal,1000,sq,1.607,1.506,1.407,1.314,1.238,1.173,1.109,1.052,1,,,,,,,,,,,,,,,,,
514,PT_A_IIT,1,,300,1000,,514,,10000,bimodal,1000,sq,1.607,1.506,1.407,1.314,1.238,1.173,1.109,1.052,1,,,,,,,,,,,,,,,,,
515,PT_A_IIT,1,,300,1000,,515,,10000,bimodal,1000,sq,1.504,1.405,1.314,1.238,1.173,1.109,1.052,1,,,,,,,,,,,,,,,,,"Run in 3hr, 10 Cores, 1Gb ram",
516,PT_A_IIT,1,,300,1000,,516,,10000,bimodal,1000,sq,1.504,1.405,1.314,1.238,1.173,1.109,1.052,1,,,,,,,,,,,,,,,,,"Run in 3hr, 10 Cores, 1Gb ram",
517,PT_A_IIT,1,,300,1000,,517,,10000,bimodal,1000,sq,1.504,1.405,1.314,1.238,1.173,1.109,1.052,1,,,,,,,,,,,,,,,,,"Run in 3hr, 10 Cores, 1Gb ram",
518,PT_A_IIT,1,,300,1000,,518,,10000,bimodal,1000,sq,1.504,1.405,1.314,1.238,1.173,1.109,1.052,1,,,,,,,,,,,,,,,,,"Run in 3hr, 10 Cores, 1Gb ram",
519,PT_A_IIT,1,,300,1000,,519,,10000,bimodal,1000,sq,1.504,1.405,1.314,1.238,1.173,1.109,1.052,1,,,,,,,,,,,,,,,,,"Run in 3hr, 10 Cores, 1Gb ram",
520,PT_A_IIT,1,,300,1000,,520,,10000,bimodal,1000,sq,1.606,1.504,1.405,1.314,1.238,1.173,1.109,1.052,1,,,,,,,,,,,,,,,,,
521,PT_A_IIT,1,,300,1000,,521,,10000,bimodal,1000,sq,1.606,1.504,1.405,1.314,1.238,1.173,1.109,1.052,1,,,,,,,,,,,,,,,,,
522,PT_A_IIT,1,,300,1000,,522,,10000,bimodal,1000,sq,1.606,1.504,1.405,1.314,1.238,1.173,1.109,1.052,1,,,,,,,,,,,,,,,,,
523,PT_A_IIT,1,,300,1000,,523,,10000,bimodal,1000,sq,1.606,1.504,1.405,1.314,1.238,1.173,1.109,1.052,1,,,,,,,,,,,,,,,,,
524,PT_A_IIT,1,,300,1000,,524,,10000,bimodal,1000,sq,1.606,1.504,1.405,1.314,1.238,1.173,1.109,1.052,1,,,,,,,,,,,,,,,,,
525,PT_A_IIT,1,,300,200000,,525,,10000,bimodal,1000,sq,1.606,1.504,1.405,1.314,1.238,1.173,1.109,1.052,1,,,,,,,,,,,,,,,,"Run in 7hr, 10Cores, 1GB ram",
526,PT_A_IIT,1,,300,200000,,526,,10000,bimodal,1000,sq,1.606,1.504,1.405,1.314,1.238,1.173,1.109,1.052,1,,,,,,,,,,,,,,,,"Run in 7hr, 10Cores, 1GB ram",
527,PT_A_IIT,1,,300,200000,,527,,10000,bimodal,1000,sq,1.606,1.504,1.405,1.314,1.238,1.173,1.109,1.052,1,,,,,,,,,,,,,,,,"Run in 7hr, 10Cores, 1GB ram",
528,PT_A_IIT,1,,300,200000,,528,,10000,bimodal,1000,sq,1.606,1.504,1.405,1.314,1.238,1.173,1.109,1.052,1,,,,,,,,,,,,,,,,"Run in 7hr, 10Cores, 1GB ram",
529,PT_A_IIT,1,,300,200000,,529,,10000,bimodal,1000,sq,1.606,1.504,1.405,1.314,1.238,1.173,1.109,1.052,1,,,,,,,,,,,,,,,,"Run in 6.5hr, 10Cores, 1GB ram",
530,PT_A_IIT,1,,300,200000,,530,,10000,bimodal,1000,sq,1.606,1.504,1.405,1.314,1.238,1.173,1.109,1.052,1,,,,,,,,,,,,,,,,"Run in 6.5hr, 10Cores, 1GB ram",
531,PT_A_IIT,1,,300,200000,,531,,10000,bimodal,1000,sq,1.606,1.504,1.405,1.314,1.238,1.173,1.109,1.052,1,,,,,,,,,,,,,,,,"Run in 6.5hr, 10Cores, 1GB ram",
532,PT_A_IIT,1,,300,200000,,532,,10000,bimodal,1000,sq,1.606,1.504,1.405,1.314,1.238,1.173,1.109,1.052,1,,,,,,,,,,,,,,,,"Run in 6.5hr, 10Cores, 1GB ram",
533,PT_A_IIT,1,,300,200000,,533,,10000,bimodal,1000,sq,1.606,1.504,1.405,1.314,1.238,1.173,1.109,1.052,1,,,,,,,,,,,,,,,,"Run in 6.5hr, 10Cores, 1GB ram",
534,PT_A_IIT,1,,300,200000,,534,,10000,bimodal,1000,sq,1.606,1.504,1.405,1.314,1.238,1.173,1.109,1.052,1,,,,,,,,,,,,,,,,"Run in 6.5hr, 10Cores, 1GB ram",
535,PT_A_IIT,1,,300,200000,,535,,10000,bimodal,1000,sq,1.314,1.238,1.173,1.109,1.052,1,,,,,,,,,,,,,,,,,,,"Run in 5.5hr, 10Cores, 1GB ram",
536,PT_A_IIT,1,,300,200000,,536,,10000,bimodal,1000,sq,1.314,1.238,1.173,1.109,1.052,1,,,,,,,,,,,,,,,,,,,"Run in 5.5hr, 10Cores, 1GB ram",
537,PT_A_IIT,1,,300,200000,,537,,10000,bimodal,1000,sq,1.314,1.238,1.173,1.109,1.052,1,,,,,,,,,,,,,,,,,,,"Run in 5.5hr, 10Cores, 1GB ram",
538,PT_A_IIT,1,,300,200000,,538,,10000,bimodal,1000,sq,1.314,1.238,1.173,1.109,1.052,1,,,,,,,,,,,,,,,,,,,"Run in 5.5hr, 10Cores, 1GB ram",
539,PT_A_IIT,1,,300,200000,,539,,10000,bimodal,1000,sq,1.314,1.238,1.173,1.109,1.052,1,,,,,,,,,,,,,,,,,,,"Run in 5.5hr, 10Cores, 1GB ram",
540,PT_A_IIT,1,,300,200000,,540,,10000,bimodal,1000,sq,1.314,1.238,1.173,1.109,1.052,1,,,,,,,,,,,,,,,,,,,"Run in 5.5hr, 10Cores, 1GB ram",
541,PT_A_IIT,1,,300,200000,,541,,10000,bimodal,1000,sq,1.314,1.238,1.173,1.109,1.052,1,,,,,,,,,,,,,,,,,,,"Run in 5.5hr, 10Cores, 1GB ram",
542,PT_A_IIT,1,,300,200000,,542,,10000,bimodal,1000,sq,1.314,1.238,1.173,1.109,1.052,1,,,,,,,,,,,,,,,,,,,"Run in 5.5hr, 10Cores, 1GB ram",
543,PT_A_IIT,1,,300,200000,,543,,10000,bimodal,1000,sq,1.314,1.238,1.173,1.109,1.052,1,,,,,,,,,,,,,,,,,,,"Run in 5.5hr, 10Cores, 1GB ram",
544,PT_A_IIT,1,,300,200000,,544,,10000,bimodal,1000,sq,1.314,1.238,1.173,1.109,1.052,1,,,,,,,,,,,,,,,,,,,"Run in 5.5hr, 10Cores, 1GB ram",
545,PT_IIT_Z,1,10000000,50,,,545,,3000,bimodal,1000,sq,1.6,1.433,1.297,1.184,1.087,1,,,,,,,,,,,,,,,,,,,"Run in 12hr, 20Cores, 1GB ram",
546,PT_IIT_Z,1,10000000,50,,,546,,3000,bimodal,1000,sq,1.6,1.433,1.297,1.184,1.087,1,,,,,,,,,,,,,,,,,,,"Run in 12hr, 20Cores, 1GB ram",
547,PT_IIT_Z,1,10000000,50,,,547,,3000,bimodal,1000,sq,1.6,1.433,1.297,1.184,1.087,1,,,,,,,,,,,,,,,,,,,,
548,PT_IIT_Z,1,10000000,50,,,548,,3000,bimodal,1000,sq,1.6,1.433,1.297,1.184,1.087,1,,,,,,,,,,,,,,,,,,,,
549,PT_IIT_Z,1,10000000,50,,,549,,3000,bimodal,1000,sq,1.6,1.433,1.297,1.184,1.087,1,,,,,,,,,,,,,,,,,,,,
550,PT_IIT_Z,1,10000000,50,,,550,,3000,bimodal,1000,sq,1.6,1.433,1.297,1.184,1.087,1,,,,,,,,,,,,,,,,,,,,
551,PT_IIT_Z,1,10000000,50,,,551,,3000,bimodal,1000,sq,1.6,1.433,1.297,1.184,1.087,1,,,,,,,,,,,,,,,,,,,,
552,PT_IIT_Z,1,10000000,50,,,552,,3000,bimodal,1000,sq,1.6,1.433,1.297,1.184,1.087,1,,,,,,,,,,,,,,,,,,,"Run in 10hr, 20Cores, 1GB ram",
553,PT_IIT_Z,1,10000000,50,,,553,,3000,bimodal,1000,sq,1.6,1.433,1.297,1.184,1.087,1,,,,,,,,,,,,,,,,,,,,
554,PT_IIT_Z,1,10000000,50,,,554,,3000,bimodal,1000,sq,1.6,1.433,1.297,1.184,1.087,1,,,,,,,,,,,,,,,,,,,,
555,PT_IIT_Z,1,10000000,50,,,555,,3000,bimodal,2000,sq,1.565,1.452,1.353,1.269,1.192,1.125,1.059,1,,,,,,,,,,,,,,,,,,
556,PT_IIT_Z,1,10000000,50,,,556,,3000,bimodal,2000,sq,1.565,1.452,1.353,1.269,1.192,1.125,1.059,1,,,,,,,,,,,,,,,,,,
557,PT_IIT_Z,1,10000000,50,,,557,,3000,bimodal,2000,sq,1.565,1.452,1.353,1.269,1.192,1.125,1.059,1,,,,,,,,,,,,,,,,,,
558,PT_IIT_Z,1,10000000,50,,,558,,3000,bimodal,2000,sq,1.565,1.452,1.353,1.269,1.192,1.125,1.059,1,,,,,,,,,,,,,,,,,,
559,PT_IIT_Z,1,10000000,50,,,559,,3000,bimodal,2000,sq,1.565,1.452,1.353,1.269,1.192,1.125,1.059,1,,,,,,,,,,,,,,,,,,
560,PT_IIT_Z,1,10000000,50,,,560,,3000,bimodal,2000,sq,1.565,1.452,1.353,1.269,1.192,1.125,1.059,1,,,,,,,,,,,,,,,,,,
561,PT_IIT_Z,1,10000000,50,,,561,,3000,bimodal,2000,sq,1.565,1.452,1.353,1.269,1.192,1.125,1.059,1,,,,,,,,,,,,,,,,,,
562,PT_IIT_Z,1,10000000,50,,,562,,3000,bimodal,2000,sq,1.565,1.452,1.353,1.269,1.192,1.125,1.059,1,,,,,,,,,,,,,,,,,,
563,PT_IIT_Z,1,10000000,50,,,563,,3000,bimodal,2000,sq,1.565,1.452,1.353,1.269,1.192,1.125,1.059,1,,,,,,,,,,,,,,,,,,
564,PT_IIT_Z,1,10000000,50,,,564,,3000,bimodal,2000,sq,1.565,1.452,1.353,1.269,1.192,1.125,1.059,1,,,,,,,,,,,,,,,,,,
565,PT_IIT_Z,1,10000000,100,,,565,,3000,bimodal,2000,sq,1.565,1.452,1.353,1.269,1.192,1.125,1.059,1,,,,,,,,,,,,,,,,,,
566,PT_IIT_Z,1,10000000,100,,,566,,3000,bimodal,2000,sq,1.565,1.452,1.353,1.269,1.192,1.125,1.059,1,,,,,,,,,,,,,,,,,,
567,PT_IIT_Z,1,10000000,100,,,567,,3000,bimodal,2000,sq,1.565,1.452,1.353,1.269,1.192,1.125,1.059,1,,,,,,,,,,,,,,,,,,
568,PT_IIT_Z,1,10000000,100,,,568,,3000,bimodal,2000,sq,1.565,1.452,1.353,1.269,1.192,1.125,1.059,1,,,,,,,,,,,,,,,,,,
569,PT_IIT_Z,1,10000000,100,,,569,,3000,bimodal,2000,sq,1.565,1.452,1.353,1.269,1.192,1.125,1.059,1,,,,,,,,,,,,,,,,,,
570,PT_IIT_Z,1,10000000,100,,,570,,3000,bimodal,2000,sq,1.565,1.452,1.353,1.269,1.192,1.125,1.059,1,,,,,,,,,,,,,,,,,,
571,PT_IIT_Z,1,10000000,100,,,571,,3000,bimodal,2000,sq,1.565,1.452,1.353,1.269,1.192,1.125,1.059,1,,,,,,,,,,,,,,,,,,
572,PT_IIT_Z,1,10000000,100,,,572,,3000,bimodal,2000,sq,1.565,1.452,1.353,1.269,1.192,1.125,1.059,1,,,,,,,,,,,,,,,,,,
573,PT_IIT_Z,1,10000000,100,,,573,,3000,bimodal,2000,sq,1.565,1.452,1.353,1.269,1.192,1.125,1.059,1,,,,,,,,,,,,,,,,,,
574,PT_IIT_Z,1,10000000,100,,,574,,3000,bimodal,2000,sq,1.565,1.452,1.353,1.269,1.192,1.125,1.059,1,,,,,,,,,,,,,,,,,,
575,PT_A_IIT,1,,300,500,,575,,10000,bimodal,2000,sq,1.6,1.47,1.4,1.301,1.23,1.165,1.12,1.07,1.03,1,,,,,,,,,,,,,,,,
576,PT_A_IIT,1,,300,500,,576,,10000,bimodal,2000,sq,1.595,1.465,1.395,1.296,1.225,1.16,1.115,1.065,1.025,1,,,,,,,,,,,,,,,,
577,PT_A_IIT,1,,300,500,,577,,10000,bimodal,2000,sq,1.59,1.46,1.39,1.291,1.22,1.155,1.11,1.06,1.02,1,,,,,,,,,,,,,,,,
578,PT_A_IIT,1,,300,500,,578,,10000,bimodal,2000,sq,1.585,1.455,1.385,1.286,1.215,1.15,1.105,1.055,1.015,1,,,,,,,,,,,,,,,,
579,PT_A_IIT,1,,300,500,,579,,10000,bimodal,2000,sq,1.58,1.45,1.38,1.281,1.21,1.145,1.1,1.05,1.01,1,,,,,,,,,,,,,,,,
580,PT_A_IIT,1,,300,500,,580,,10000,bimodal,2000,sq,1.4,1.31,1.25,1.2,1.172,1.143,1.105,1.068,1.035,1,,,,,,,,,,,,,,,,
581,PT_A_IIT,1,,300,500,,581,,10000,bimodal,2000,sq,1.4,1.31,1.25,1.2,1.172,1.143,1.105,1.068,1.035,1,,,,,,,,,,,,,,,,
582,PT_A_IIT,1,,300,500,,582,,10000,bimodal,2000,sq,1.4,1.31,1.25,1.2,1.172,1.143,1.105,1.068,1.035,1,,,,,,,,,,,,,,,,
583,PT_A_IIT,1,,300,500,,583,,10000,bimodal,2000,sq,1.4,1.31,1.25,1.2,1.172,1.143,1.105,1.068,1.035,1,,,,,,,,,,,,,,,,
584,PT_A_IIT,1,,300,500,,584,,10000,bimodal,2000,sq,1.4,1.31,1.25,1.2,1.172,1.143,1.105,1.068,1.035,1,,,,,,,,,,,,,,,,
585,PT_A_IIT,1,,300,500,,585,,10000,bimodal,2000,sq,1.375,1.305,1.255,1.216,1.181,1.146,1.107,1.069,1.035,1,,,,,,,,,,,,,,,,
586,PT_A_IIT,1,,300,500,,586,,10000,bimodal,2000,sq,1.375,1.305,1.255,1.216,1.181,1.146,1.107,1.069,1.035,1,,,,,,,,,,,,,,,,
587,PT_A_IIT,1,,300,500,,587,,10000,bimodal,2000,sq,1.375,1.305,1.255,1.216,1.181,1.146,1.107,1.069,1.035,1,,,,,,,,,,,,,,,,
588,PT_A_IIT,1,,300,500,,588,,10000,bimodal,2000,sq,1.375,1.305,1.255,1.216,1.181,1.146,1.107,1.069,1.035,1,,,,,,,,,,,,,,,,
589,PT_A_IIT,1,,300,500,,589,,10000,bimodal,2000,sq,1.37,1.311,1.261,1.221,1.181,1.146,1.107,1.069,1.034,1,,,,,,,,,,,,,,,,
590,PT_A_IIT,1,,300,500,,590,,10000,bimodal,2000,sq,1.37,1.311,1.261,1.221,1.181,1.146,1.107,1.069,1.034,1,,,,,,,,,,,,,,,,
591,PT_A_IIT,1,,300,500,,591,,10000,bimodal,2000,sq,1.37,1.311,1.261,1.221,1.181,1.146,1.107,1.069,1.034,1,,,,,,,,,,,,,,,,
592,PT_A_IIT,1,,300,500,,592,,10000,bimodal,2000,sq,1.37,1.311,1.261,1.221,1.181,1.146,1.107,1.069,1.034,1,,,,,,,,,,,,,,,,
593,PT_A_IIT,1,,300,500,,593,,10000,bimodal,2000,sq,1.46,1.405,1.355,1.311,1.261,1.221,1.181,1.146,1.107,1.069,1.034,1,,,,,,,,,,,,,,
594,PT_A_IIT,1,,300,500,,594,,10000,bimodal,2000,sq,1.46,1.405,1.355,1.311,1.261,1.221,1.181,1.146,1.107,1.069,1.034,1,,,,,,,,,,,,,,
595,PT_A_IIT,1,,300,500,,595,,10000,bimodal,2000,sq,1.46,1.405,1.355,1.311,1.261,1.221,1.181,1.146,1.107,1.069,1.034,1,,,,,,,,,,,,,,
596,PT_A_IIT,1,,300,500,,596,,10000,bimodal,2000,sq,1.46,1.405,1.355,1.311,1.261,1.221,1.181,1.146,1.107,1.069,1.034,1,,,,,,,,,,,,,,
597,PT_A_IIT,4,,300,500,,597,,10000,bimodal,2000,sq,1.465,1.41,1.357,1.311,1.261,1.221,1.181,1.146,1.107,1.069,1.034,1,,,,,,,,,,,,,,
598,PT_A_IIT,4,,300,500,,598,,10000,bimodal,2000,sq,1.65,1.59,1.525,1.465,1.41,1.357,1.311,1.261,,,,,,,,,,,,,,,,,,
599,PT_A_IIT,4,,300,500,,599,,10000,bimodal,2000,sq,1.603,1.527,1.467,1.411,1.358,1.311,1.261,1.221,,,,,,,,,,,,,,,,,,
600,PT_A_IIT,1,,300,200000,,600,,10000,bimodal,1000,sq,1.606,1.504,1.405,1.314,1.238,1.173,,,,,,,,,,,,,,,,,,,"Run in 6.5hr, 10Cores, 1GB ram",
601,PT_A_IIT,1,,300,200000,,601,,10000,bimodal,1000,sq,1.606,1.504,1.405,1.314,1.238,1.173,,,,,,,,,,,,,,,,,,,,
602,PT_A_IIT,1,,300,200000,,602,,10000,bimodal,1000,sq,1.606,1.504,1.405,1.314,1.238,1.173,,,,,,,,,,,,,,,,,,,,
603,PT_A_IIT,1,,300,200000,,603,,10000,bimodal,1000,sq,1.606,1.504,1.405,1.314,1.238,1.173,,,,,,,,,,,,,,,,,,,,
604,PT_A_IIT,1,,300,200000,,604,,10000,bimodal,1000,sq,1.606,1.504,1.405,1.314,1.238,1.173,,,,,,,,,,,,,,,,,,,,
605,PT_A_IIT,1,,300,200000,,605,,10000,bimodal,1000,sq,1.606,1.504,1.405,1.314,1.238,1.173,,,,,,,,,,,,,,,,,,,,
606,PT_A_IIT,1,,300,200000,,606,,10000,bimodal,1000,sq,1.606,1.504,1.405,1.314,1.238,1.173,,,,,,,,,,,,,,,,,,,,
607,PT_A_IIT,1,,300,200000,,607,,10000,bimodal,1000,sq,1.606,1.504,1.405,1.314,1.238,1.173,,,,,,,,,,,,,,,,,,,,
608,PT_A_IIT,1,,300,200000,,608,,10000,bimodal,1000,sq,1.606,1.504,1.405,1.314,1.238,1.173,,,,,,,,,,,,,,,,,,,,
609,PT_A_IIT,1,,300,200000,,609,,10000,bimodal,1000,sq,1.606,1.504,1.405,1.314,1.238,1.173,,,,,,,,,,,,,,,,,,,,
610,PT_A_IIT,1,,300,200000,,610,,10000,bimodal,2000,sq,1.603,1.527,1.467,1.411,1.358,1.311,1.261,1.221,,,,,,,,,,,,,,,,,,
611,PT_A_IIT,1,,300,200000,,611,,10000,bimodal,2000,sq,1.603,1.527,1.467,1.411,1.358,1.311,1.261,1.221,,,,,,,,,,,,,,,,,,
612,PT_A_IIT,1,,300,200000,,612,,10000,bimodal,2000,sq,1.603,1.527,1.467,1.411,1.358,1.311,1.261,1.221,,,,,,,,,,,,,,,,,,
613,PT_A_IIT,1,,300,200000,,613,,10000,bimodal,2000,sq,1.603,1.527,1.467,1.411,1.358,1.311,1.261,1.221,,,,,,,,,,,,,,,,,,
614,PT_A_IIT,1,,300,200000,,614,,10000,bimodal,2000,sq,1.603,1.527,1.467,1.411,1.358,1.311,1.261,1.221,,,,,,,,,,,,,,,,,,
615,PT_A_IIT,1,,300,200000,,615,,10000,bimodal,2000,sq,1.603,1.527,1.467,1.411,1.358,1.311,1.261,1.221,,,,,,,,,,,,,,,,,,
616,PT_A_IIT,1,,300,200000,,616,,10000,bimodal,2000,sq,1.603,1.527,1.467,1.411,1.358,1.311,1.261,1.221,,,,,,,,,,,,,,,,,,
617,PT_A_IIT,1,,300,200000,,617,,10000,bimodal,2000,sq,1.603,1.527,1.467,1.411,1.358,1.311,1.261,1.221,,,,,,,,,,,,,,,,,,
618,PT_A_IIT,1,,300,200000,,618,,10000,bimodal,2000,sq,1.603,1.527,1.467,1.411,1.358,1.311,1.261,1.221,,,,,,,,,,,,,,,,,,
619,PT_A_IIT,1,,300,200000,,619,,10000,bimodal,2000,sq,1.603,1.527,1.467,1.411,1.358,1.311,1.261,1.221,,,,,,,,,,,,,,,,,,
