id,algorithm,bf,simulations,iterations,interswap,total_swap,start_state,seed,t1,t2,t3,t4,burn_in,reduc_constant,reduc_model,model,temps_rf,comments,Server comments,Details on server comments,server to run,chosen for final draft
0,IIT,sq,5,1000,1001,NA,5,13,1,0.18,0.09,0.001,0,0,0,7_mode,,,,,,
1,PT_IIT_Z,sq,100,500000,2000,NA,0,153,1,0.18,0.09,0.001,0,0,0,7_mode,,,,,,
2,PT_IIT_no_Z,sq,100,500000,2000,NA,0,153,1,0.18,0.09,0.001,0,0,0,7_mode,,,,,,
3,PT_A_IIT,sq,100,NA,2000,200,0,153,1,0.18,0.09,0.001,0,0,0,7_mode,,,,,,
4,IIT,sq,100,500000,500001,NA,0,153,1,0.18,0.09,0.001,0,0,0,7_mode,,,,,,
5,PT_IIT_Z,sq,100,500000,2000,NA,0,22,1,0.18,0.09,0.001,0,0,0,7_mode,,,,,,
6,PT_IIT_no_Z,sq,100,500000,2000,NA,0,22,1,0.18,0.09,0.001,0,0,0,7_mode,,,,,,
7,PT_A_IIT,sq,100,NA,2000,200,0,22,1,0.18,0.09,0.001,0,0,0,7_mode,,,,,,
8,IIT,sq,100,500000,500001,NA,0,22,1,0.18,0.09,0.001,0,0,0,7_mode,,,,,,
9,PT_IIT_Z,sq,100,500000,2000,NA,65536,335,1,0.18,0.09,0.001,0,0,0,7_mode,,Respecto al estado inicial Marca error y realmente inicia en 0,,,,
10,PT_IIT_no_Z,sq,100,500000,2000,NA,65536,335,1,0.18,0.09,0.001,0,0,0,7_mode,,Respecto al estado inicial Marca error y realmente inicia en 0,,,,
11,PT_A_IIT,sq,100,NA,2000,200,65536,335,1,0.18,0.09,0.001,0,0,0,7_mode,,Respecto al estado inicial Marca error y realmente inicia en 0,,,,
12,IIT,sq,100,500000,500001,NA,65536,335,1,0.18,0.09,0.001,0,0,0,7_mode,,Respecto al estado inicial Marca error y realmente inicia en 0,,,,
13,PT_IIT_Z,sq,100,500000,2000,NA,63519,995,1,0.18,0.09,0.001,0,0,0,7_mode,,,,,,
14,PT_IIT_no_Z,sq,100,500000,2000,NA,63519,995,1,0.18,0.09,0.001,0,0,0,7_mode,,,,,,
15,PT_A_IIT,sq,100,NA,2000,200,63519,995,1,0.18,0.09,0.001,0,0,0,7_mode,,,,,,
16,IIT,sq,100,500000,500001,NA,63519,995,1,0.18,0.09,0.001,0,0,0,7_mode,,,,,,
17,PT_IIT_Z,sq,100,500000,2000,NA,65535,112,1,0.15,0.07,0.0007,10000,0,0,7_mode,,"need to reduce swap rate for temps 2 and 3. sometimes modes 5,6,7 are not visited",,,,
18,PT_IIT_no_Z,sq,100,500000,2000,NA,65535,112,1,0.15,0.07,0.0007,10000,0,0,7_mode,,"need to reduce swap rate for temps 2 and 3. sometimes modes 5,6,7 are not visited",,,,
19,PT_A_IIT,sq,100,NA,2000,250,65535,112,1,0.16,0.1,0.05,10000,0,0,7_mode,,,,,,
20,IIT,sq,100,500000,500001,NA,65535,112,1,0.15,0.07,0.0007,10000,0,0,7_mode,,,,,,
21,PT_IIT_Z,sq,2,5000,500,NA,65535,33,1,0.15,0.07,0.0007,3000,0,0,7_mode,,Just to test,,,,
22,PT_IIT_no_Z,sq,2,5000,500,NA,65535,33,1,0.15,0.07,0.0007,3000,0,0,7_mode,,Just to test,,,,
23,PT_A_IIT,sq,2,NA,500,10,65535,33,1,0.16,0.1,0.05,3000,0,0,7_mode,,Just to test,,,,
24,IIT,sq,2,5000,5001,NA,65535,33,1,0.15,0.07,0.0007,3000,0,0,7_mode,,Just to test,,,,
25,PT_IIT_Z,sq,100,750000,2500,NA,0,555,1,0.16,0.05,0.0001,25000,0,0,7_mode,,,,,,
26,PT_IIT_no_Z,sq,100,750000,2500,NA,0,555,1,0.16,0.05,0.0001,25000,0,0,7_mode,,,,,,
27,PT_A_IIT,sq,100,NA,2500,300,0,555,1,0.16,0.1,0.05,25000,0,0,7_mode,,Temperatures seem to be ok based on acceptance rate,,,,
28,PT_IIT_Z,sq,2,30000,2000,NA,235,51,1,0.16,0.07,0.0001,4000,0,0,7_mode,,Just to test,,,,
29,PT_A_IIT,sq,2,NA,2000,15,235,51,1,0.16,0.1,0.05,4000,0,0,7_mode,,Just to test,,,,
30,PT_A_IIT_RF,sq,2,30000,2000,NA,235,51,1,0.16,0.07,0.0001,4000,0,0,7_mode,,Just to test,,,,
31,PT_IIT_Z,min,2,30000,2000,NA,235,51,1,0.16,0.07,0.0001,4000,0,0,7_mode,,Just to test,,,,
32,PT_A_IIT,min,2,NA,2000,15,235,51,1,0.16,0.1,0.05,4000,0,0,7_mode,,Just to test,,,,
33,PT_A_IIT_RF,min,2,30000,2000,NA,235,51,1,0.16,0.07,0.0001,4000,0,0,7_mode,,Just to test,,,,
34,PT_IIT_Z,sq,100,500000,1000,NA,0,13,1,0.155,0.07,0.00001,75000,0,0,7_mode,,Modify temperatures based on results from 25,,,,
35,PT_A_IIT_RF,sq,100,500000,1000,NA,0,13,1,0.155,0.07,0.00001,75000,0,0,7_mode,,Copying tempertaures from 34,,,,
36,PT_A_IIT,sq,100,NA,1000,500,0,13,1,0.155,0.1,0.05,75000,0,0,7_mode,,"Slight change to t1, based on results from 27",,,,
37,PT_IIT_Z,min,100,500000,1000,NA,0,13,1,0.155,0.07,0.00001,75000,0,0,7_mode,,Copying tempertaures from 34,,,,
38,PT_A_IIT_RF,,5,500000,1000,NA,555,1,1,0.155,0.07,0.00001,10000,0.1,always,7_mode,,testing new balancing function,,,,
39,PT_A_IIT,,5,NA,1000,500,555,1,1,0.155,0.1,0.05,10000,0.1,always,7_mode,,testing new balancing function,,,,
40,PT_A_IIT_RF,,4,50000,500,NA,555,1,1,0.155,0.07,0.00001,10000,0.1,never,7_mode,,testing reduc_model,,,,
41,PT_A_IIT,,4,NA,500,100,555,1,1,0.155,0.1,0.05,10000,0.1,never,7_mode,,testing reduc_model,,,,
42,PT_A_IIT_RF,,4,50000,500,NA,555,1,1,0.155,0.07,0.00001,10000,0.1,iterations,7_mode,,testing reduc_model,,,,
43,PT_A_IIT,,4,NA,500,100,555,1,1,0.155,0.1,0.05,10000,0.1,iterations,7_mode,,testing reduc_model,,,,
44,PT_IIT_Z,sq,100,1000000,1000,NA,0,4589,1,0.155,0.05,0.0000001,100000,0,0,7_mode,,Modify temperatures based on results from 34,,,,
45,PT_IIT_Z,min,100,1000000,1000,NA,0,4589,1,0.155,0.05,0.0000001,100000,0,0,7_mode,,Copying tempertaures from 42,,,,
46,PT_A_IIT_RF,,100,1000000,1000,NA,0,4589,1,0.155,0.05,0.0000001,100000,0,never,7_mode,,Copying tempertaures from 42,,,,
47,PT_A_IIT,,100,NA,1000,1000,0,4589,1,0.155,0.1,0.05,100000,0,never,7_mode,,Seem to be good temperatures for this algorithm,,,,
48,PT_A_IIT_RF,,100,1000000,1000,NA,0,4589,1,0.155,0.05,0.0000001,100000,0.1,iterations,7_mode,,,,,,
49,PT_A_IIT,,100,NA,1000,1000,0,4589,1,0.155,0.1,0.05,100000,0.1,iterations,7_mode,,Seem to be good temperatures for this algorithm,,,,
50,PT_A_IIT,sq,10,NA,1000,500,0,13,1,0.155,0.1,0.05,75000,0,0,7_mode,,Copying 36 with less simulations,,,,
51,PT_A_IIT_RF,,4,50000,500,NA,98,6698,1,0.155,0.07,0.00001,10000,0.1,iterations,bimodal,,,,,,
52,PT_A_IIT,,4,NA,500,100,98,6698,1,0.155,0.1,0.05,10000,0.1,iterations,bimodal,,,,,,
53,PT_IIT_Z,sq,4,50000,500,NA,98,6698,1,0.155,0.05,0.0000001,10000,0.1,0,bimodal,,,,,,
54,PT_A_IIT_RF,,100,1000000,1000,NA,0,4589,1,0.155,0.05,0.0000001,100000,0,never,bimodal,,,,,,
55,PT_A_IIT,,100,NA,1000,1000,0,4589,1,0.155,0.1,0.05,100000,0,never,bimodal,,swap rate between 3-4 needs to increase (currenlty 0.20),,,,
56,PT_A_IIT_RF,,100,1000000,1000,NA,0,4589,1,0.155,0.05,0.0000001,100000,0.1,iterations,bimodal,,,,,,
57,PT_A_IIT,,100,NA,1000,1000,0,4589,1,0.155,0.1,0.05,100000,0.1,iterations,bimodal,,swap rate between 3-4 needs to increase (currenlty 0.20),,,,
58,PT_IIT_Z,sq,100,1000000,1000,NA,0,4589,1,0.155,0.05,0.0000001,100000,0,0,bimodal,,,,,,
59,PT_IIT_Z,min,100,1000000,1000,NA,0,4589,1,0.155,0.05,0.0000001,100000,0,0,bimodal,,,,,,
60,PT_A_IIT,,1,NA,1,1810,0,4589,1,0.155,0.1,0.05,100,1,always,7_mode,,To fix numerical errors while decreasing bound,,,,
61,PT_IIT_Z,sq,100,1000000,1000,NA,0,886,1,0.155,0.06,0.0000001,100000,0,0,7_mode,,PT1_Modify temperature 3 based on 44,,,,
62,PT_IIT_Z,min,100,1000000,1000,NA,0,886,1,0.155,0.06,0.0000001,100000,0,0,7_mode,,pt4_Modify temperature 3 based on 45,,,,
63,PT_A_IIT_RF,,100,1000000,1000,NA,0,886,1,0.155,0.06,0.0000001,100000,0,never,7_mode,,pt2Copying temperatures of PT_IIT,,,,
64,PT_A_IIT_RF,,100,1000000,1000,NA,0,886,1,0.155,0.06,0.0000001,100000,0.001,iterations,7_mode,,pt3Copying temperatures of PT_IIT,,,,
65,PT_A_IIT,,100,NA,1000,1000,0,886,1,0.155,0.1,0.05,100000,0,never,7_mode,,pt2Copying temperatures of PT_IIT,,,,
66,PT_A_IIT,,100,NA,1000,1000,0,886,1,0.155,0.1,0.05,100000,0.001,iterations,7_mode,,pt3,,,,
67,PT_IIT_Z,sq,50,500000,1000,NA,0,156,1,0.155,0.08,0.0000001,100000,0,0,bimodal,,to find good temperatures for the bimodal problem,,,,
68,PT_IIT_Z,sq,50,500000,1000,NA,0,156,1,0.155,0.08,,100000,0,0,bimodal,,to find good temperatures for the bimodal problem,,,,
69,PT_A_IIT_RF,sq,50,500000,1000,NA,0,156,1,0.155,0.08,,100000,0,never,bimodal,,to find good temperatures for the bimodal problem,,,,
70,PT_A_IIT,,50,NA,1000,500,0,4589,1,0.14,0.1,0.08,100000,0,never,bimodal,,to find good temperatures for the bimodal problem,,,,
71,PT_A_IIT,,50,NA,1000,500,0,4589,1,0.14,0.1,,100000,0,never,bimodal,,to find good temperatures for the bimodal problem,,,,
72,PT_IIT_Z,sq,50,500000,1000,NA,0,156,1,0.7,0.4,0.1,100000,0,0,bimodal,,to find good temperatures for the bimodal problem,,,,
73,PT_A_IIT,,50,NA,1000,500,0,4589,1,0.7,0.35,0.2,100000,0,never,bimodal,,to find good temperatures for the bimodal problem,,,,
74,PT_IIT_Z,sq,50,500000,1000,NA,0,156,1,0.8,0.5,,100000,0,0,bimodal,,to find good temperatures for the bimodal problem,,,,
75,PT_A_IIT_RF,sq,50,500000,1000,NA,0,156,1,0.8,0.5,,100000,0,never,bimodal,,to find good temperatures for the bimodal problem,,,,
76,PT_A_IIT,,50,NA,1000,500,0,4589,1,0.8,0.5,,100000,0,never,bimodal,,to find good temperatures for the bimodal problem,,,,
77,PT_IIT_Z,sq,25,500000,1000,NA,0,156,1,0.6,0.3,,100000,0,0,bimodal,,,,,,
78,PT_IIT_Z,sq,25,500000,1000,NA,0,111,1,0.5,0.25,,100000,0,0,bimodal,,,,,,
79,PT_A_IIT_RF,sq,25,500000,1000,NA,0,999,1,0.45,0.35,,100000,0,never,bimodal,,,,,,
80,PT_A_IIT,,25,NA,1000,500,0,444,1,0.49,0.32,,100000,0,never,bimodal,,,,,,
81,PT_A_IIT,,25,NA,1000,500,0,444,1,0.45,0.35,,100000,0,never,bimodal,,,,,,
82,PT_IIT_Z,sq,25,500000,1000,NA,0,914,1,0.42,0.2,,100000,0,0,bimodal,,,,,,
83,PT_IIT_Z,sq,25,500000,1000,NA,0,627,1,0.4,0.2,,100000,0,0,bimodal,,,,,,
84,PT_IIT_Z,sq,25,500000,1000,NA,0,627,1,0.38,0.19,,100000,0,0,bimodal,,,,,,
85,PT_A_IIT_RF,sq,25,500000,1000,NA,0,999,1,0.4,0.2,,100000,0,never,bimodal,,,,,,
86,PT_A_IIT,,25,NA,1000,500,0,887,1,0.46,0.2,0.05,100000,0,never,bimodal,,,,,,
87,PT_A_IIT,,25,NA,1000,500,0,887,1,0.46,0.23,0.05,100000,0,never,bimodal,,,,,,
88,PT_A_IIT,,25,NA,1000,500,0,205,1,0.46,0.3,0.1,100000,0,never,bimodal,,,,,,
89,PT_A_IIT,,25,NA,1000,500,0,205,1,0.46,0.33,0.1,100000,0,never,bimodal,,,,,,
90,PT_IIT_Z,sq,25,500000,1000,NA,0,627,1,0.38,0.19,,100000,0,0,bimodal,,,,,,
91,PT_A_IIT_RF,sq,25,500000,1000,NA,0,999,1,0.41,0.17,,100000,0,never,bimodal,,,,,,
92,PT_IIT_Z,sq,25,500000,1000,NA,0,627,1,0.41,0.15,,100000,0,0,bimodal,,,,,,
93,PT_IIT_Z,sq,25,500000,1000,NA,0,627,1,0.4,0.1,,100000,0,0,bimodal,,,,,,
94,PT_A_IIT,,5,NA,1000,1000,0,205,1,0.46,0.29,0.22,100000,0,never,bimodal,,,,,,
95,PT_A_IIT,,5,NA,1000,1000,0,205,1,0.46,0.29,0.18,100000,0,never,bimodal,,,,,,
96,PT_A_IIT,,5,NA,1000,1000,0,205,1,0.46,0.29,,100000,0,never,bimodal,,,,,,
97,PT_IIT_Z,sq,5,1000000,1000,NA,0,627,1,0.41,0.2,,100000,0,0,bimodal,,,,,,
98,PT_IIT_Z,sq,5,1000000,1000,NA,0,627,1,0.41,0.18,,100000,0,0,bimodal,,,,,,
99,PT_A_IIT_RF,sq,5,1000000,1000,NA,0,999,1,0.41,0.16,0.1,100000,0,never,bimodal,,,,,,
100,PT_A_IIT,,5,NA,1000,1000,0,205,1,0.4,0.23,0.1,100000,0,never,bimodal,,,,,,
101,PT_A_IIT,,5,NA,1000,1000,0,205,1,0.35,0.1,0.01,100000,0,never,bimodal,,,,,,
102,PT_A_IIT_RF,sq,5,1000000,1000,NA,0,999,1,0.37,0.14,0.05,100000,0,never,bimodal,,,,,,
103,PT_A_IIT,,5,NA,1000,1000,0,205,1,0.4,0.25,,100000,0,never,bimodal,,,,,,
104,PT_IIT_Z,sq,5,1000000,1000,NA,0,627,1,0.37,0.15,,100000,0,0,bimodal,,,,,,
105,PT_IIT_Z,sq,5,1000000,1000,NA,0,627,1,0.35,0.13,,100000,0,0,bimodal,,,,,,
106,PT_A_IIT,,10,NA,1000,1000,0,205,1,0.37,0.25,0.15,100000,0,never,bimodal,,,,,,
107,PT_A_IIT,,10,NA,1000,1000,0,205,1,0.36,0.27,0.15,100000,0,never,bimodal,,,,,,
108,PT_A_IIT_RF,sq,10,1000000,1000,NA,0,999,1,0.37,0.15,0.001,100000,0,never,bimodal,,,,,,
109,PT_A_IIT,,10,NA,1000,1000,0,205,1,0.37,0.25,,100000,0,never,bimodal,,,,,,
110,PT_IIT_Z,sq,10,1000000,1000,NA,0,627,1,0.37,0.15,,100000,0,0,bimodal,,Ya usamos estas temperaturas,,,,
111,PT_IIT_Z,sq,10,1000000,1000,NA,0,627,1,0.37,0.15,0.005,100000,0,0,bimodal,,,,,,
112,PT_IIT_Z,sq,100,1000000,1000,NA,0,284,1,0.37,0.15,,200000,0,0,bimodal,,Temperatures OK (110),,,,
113,PT_IIT_Z,sq,100,1000000,1000,NA,0,284,1,0.37,0.15,0.0001,200000,0,0,bimodal,,Just testing t4 (based 111),,,,
114,PT_A_IIT,,100,NA,1000,1000,0,284,1,0.37,0.23,,200000,0,never,bimodal,,changing t2 (based on 109),,,,
115,PT_A_IIT,,100,NA,1000,1000,0,284,1,0.37,0.24,0.12,200000,0,never,bimodal,,"changing t2,t3 (based on 106)",,,,
116,PT_A_IIT_RF,sq,100,1000000,1000,NA,0,284,1,0.37,0.15,0.00005,200000,0,never,bimodal,,changing t4 (based on 111),,,,
117,PT_A_IIT_RF,sq,100,1000000,1000,NA,0,284,1,0.37,0.15,,200000,0,0,bimodal,,Copying 112,,,,
118,PT_IIT_Z,sq,20,1000000,1000,NA,0,886,1,0.15,0.05,,200000,0,0,7_mode,,"based on 61, deleting a temperature",,,,
119,PT_IIT_Z,min,20,1000000,1000,NA,0,886,1,0.14,0.04,,200000,0,0,7_mode,,"based on 62, deleting a temperature",,,,
120,PT_A_IIT_RF,,20,1000000,1000,NA,0,886,1,0.145,0.045,,200000,0,never,7_mode,,"based on 64, deleting a temperature",,,,
121,PT_A_IIT,,20,NA,1000,1000,0,886,1,0.145,0.07,0.01,200000,0,never,7_mode,,"based on 65, trying other temperatures",,,,
122,PT_A_IIT,,20,NA,1000,1000,0,886,1,0.14,0.05,0.005,200000,0,never,7_mode,,"based on 65, trying other temperatures",,,,
123,PT_A_IIT,,100,NA,1000,1000,0,20,1,0.37,0.24,,200000,0,never,bimodal,,From 115,,,,
124,PT_A_IIT,,100,NA,1000,1000,0,20,1,0.37,0.24,0.13,200000,0,never,bimodal,,"From 115, changing t4",,,,
125,PT_IIT_Z,sq,100,1000000,1000,NA,0,20,1,0.37,0.15,,200000,0,0,bimodal,,"From 112, just changing seed",,,,
126,PT_IIT_Z,sq,100,1000000,1000,NA,0,20,1,0.37,0.15,0.00001,200000,0,0,bimodal,,From 113 decreasing t4,,,,
127,PT_A_IIT_RF,sq,100,1000000,1000,NA,0,20,1,0.37,0.15,,200000,0,0,bimodal,,From 117 just changing seed,,,,
128,PT_A_IIT_RF,sq,100,1000000,1000,NA,0,20,1,0.37,0.15,0.000001,200000,0,never,bimodal,,From 116 just changing seed and decreasing t4,,,,
129,PT_A_IIT,,100,NA,500,10000,0,8878,1,0.37,0.24,,1000000,0,never,bimodal,,Chosen for final print,,,,
130,PT_A_IIT,,100,NA,500,10000,0,8878,1,0.37,0.24,0.14,1000000,0,never,bimodal,,Estos ya son resultados que se van a usar,,,,
131,PT_A_IIT,,100,NA,500,10000,0,8878,1,0.37,0.24,,1000000,0,always,bimodal,,Estos ya son resultados que se van a usar,,,,
132,PT_A_IIT,,100,NA,500,10000,0,8878,1,0.37,0.24,0.14,1000000,0,always,bimodal,,Estos ya son resultados que se van a usar,,,,
133,PT_A_IIT,,100,NA,500,10000,0,8878,1,0.37,0.24,,1000000,0,iterations,bimodal,,Estos ya son resultados que se van a usar,,,,
134,PT_A_IIT,,100,NA,500,10000,0,8878,1,0.37,0.24,0.14,1000000,0,iterations,bimodal,,Estos ya son resultados que se van a usar,,,,
135,PT_IIT_Z,sq,100,5000000,500,NA,0,8878,1,0.37,0.15,,1000000,0,0,bimodal,,Chosen for final print,,,,
136,PT_IIT_Z,sq,100,5000000,500,NA,0,8878,1,0.37,0.15,0.00001,1000000,0,0,bimodal,,Estos ya son resultados que se van a usar,,,,
137,PT_IIT_Z,min,100,5000000,500,NA,0,8878,1,0.37,0.15,,1000000,0,0,bimodal,,Chosen for final print,,,,
138,PT_IIT_Z,min,100,5000000,500,NA,0,8878,1,0.37,0.15,0.00001,1000000,0,0,bimodal,,Estos ya son resultados que se van a usar,,,,
139,PT_A_IIT_RF,sq,100,5000000,500,NA,0,8878,1,0.37,0.15,,1000000,0,never,bimodal,,Chosen for final print,,,,
140,PT_A_IIT_RF,sq,100,5000000,500,NA,0,8878,1,0.37,0.15,,1000000,0,always,bimodal,,Estos ya son resultados que se van a usar,,,,
141,PT_A_IIT_RF,sq,100,5000000,500,NA,0,8878,1,0.37,0.15,,1000000,0,iterations,bimodal,,Estos ya son resultados que se van a usar,,,,
142,PT_A_IIT_RF,sq,100,5000000,500,NA,0,8878,1,0.37,0.15,0.000001,1000000,0,never,bimodal,,Estos ya son resultados que se van a usar,,,,
143,PT_A_IIT_RF,sq,100,5000000,500,NA,0,8878,1,0.37,0.15,0.000001,1000000,0,always,bimodal,,Estos ya son resultados que se van a usar,,,,
144,PT_A_IIT_RF,sq,100,5000000,500,NA,0,8878,1,0.37,0.15,0.000001,1000000,0,iterations,bimodal,,Estos ya son resultados que se van a usar,,,,
145,PT_A_IIT,,20,NA,500,2000,0,886,1,0.15,0.9,0.04,200000,0,never,7_mode,,"based on 121,122, to check final temperatures",,,,
146,PT_A_IIT,,20,NA,500,2000,0,886,1,0.149,0.9,0.03,200000,0,never,7_mode,,"based on 121,122, to check final temperatures",,,,
147,PT_IIT_Z,sq,20,1000000,500,NA,0,886,1,0.155,0.04,0.0000001,200000,0,0,7_mode,,"based on 61,62, 118,119, to check final temperatures",,,,
148,PT_IIT_Z,sq,20,1000000,500,NA,0,886,1,0.155,0.04,,200000,0,0,7_mode,,"based on 61,62, 118,119, to check final temperatures",,,,
149,PT_IIT_Z,min,20,1000000,500,NA,0,886,1,0.155,0.04,0.0000001,200000,0,0,7_mode,,"based on 61,62, 118,119, to check final temperatures",,,,
150,PT_IIT_Z,min,20,1000000,500,NA,0,886,1,0.155,0.04,,200000,0,0,7_mode,,"based on 61,62, 118,119, to check final temperatures",,,,
151,PT_A_IIT_RF,,20,1000000,500,NA,0,886,1,0.155,0.04,0.0000001,100000,0,never,7_mode,,"based on 61,62, 118,119, to check final temperatures",,,,
152,PT_A_IIT_RF,,20,1000000,500,NA,0,886,1,0.155,0.04,,100000,0.001,never,7_mode,,"based on 61,62, 118,119, to check final temperatures",,,,
153,PT_A_IIT,,20,NA,500,2000,0,886,1,0.15,0.9,0.4,200000,0,never,7_mode,,"based on 145,146, to check final temperatures",,,,
154,PT_A_IIT,,20,NA,500,2000,0,886,1,0.15,0.9,0.3,200000,0,never,7_mode,,"based on 145,146, to check final temperatures",,,,
155,PT_IIT_Z,sq,20,1000000,500,NA,0,886,1,0.155,0.05,0.0000001,200000,0,0,7_mode,,"based on 147, sr=.24,.17,.67",,,,
156,PT_IIT_Z,sq,20,1000000,500,NA,0,886,1,0.155,0.05,,200000,0,0,7_mode,,"based on 148, sr=.24,.18",,,,
157,PT_IIT_Z,min,20,1000000,500,NA,0,886,1,0.155,0.05,0.0000001,200000,0,0,7_mode,,"based on 149, sr=.24,.17,.67",,,,
158,PT_IIT_Z,min,20,1000000,500,NA,0,886,1,0.155,0.06,,200000,0,0,7_mode,,"based on 150, sr=.24,.17",,,,
159,PT_A_IIT_RF,,20,1000000,500,NA,0,886,1,0.155,0.055,0.0000001,100000,0,never,7_mode,,"based on 151, sr=.248,.177,.671",,,,
160,PT_A_IIT_RF,,20,1000000,500,NA,0,886,1,0.155,0.055,,100000,0.001,never,7_mode,,"based on 152, sr=.248,.181",,,,
161,PT_A_IIT,,20,NA,500,2000,0,701,1,0.15,0.9,0.1,200000,0,never,7_mode,,"Still testing, based on 153, 154, sr=0.24,0.24,0.49",,,,
162,PT_A_IIT,,20,NA,500,2000,0,701,1,0.15,0.9,0.05,200000,0,never,7_mode,,"Still testing, based on 153, 154, sr=0.24,0.24,0.49",,,,
163,PT_A_IIT,,20,NA,500,2000,0,701,1,0.15,0.9,,200000,0,never,7_mode,,"Still testing, based on 153, 154, sr=0.24,0.24,0.49",,,,
164,PT_IIT_Z,sq,100,10000000,500,NA,0,701,1,0.16,0.05,0.0000001,1000000,0,0,7_mode,,"Getting results, based on 155-156",,,,
165,PT_IIT_Z,sq,100,10000000,500,NA,0,701,1,0.16,0.05,,1000000,0,0,7_mode,,"Getting results, based on 155-156",,,,
166,PT_IIT_Z,min,100,10000000,500,NA,0,886,1,0.155,0.06,0.0000001,1000000,0,0,7_mode,,"Getting results, based on 157-158",,,,
167,PT_IIT_Z,min,100,10000000,500,NA,0,886,1,0.155,0.06,,1000000,0,0,7_mode,,"Getting results, based on 157-158",,,,
168,PT_A_IIT_RF,,100,10000000,500,NA,0,886,1,0.155,0.055,0.0000001,1000000,0,never,7_mode,,"Getting results, based on 159, sr=0.24,0.24,0.54",,,,
169,PT_A_IIT_RF,,100,10000000,500,NA,0,886,1,0.155,0.055,,1000000,0.001,never,7_mode,,"Getting results, based on 160, sr=0.25,0.25",,,,
170,PT_A_IIT,,20,NA,500,2000,0,701,1,0.15,0.9,0.2,200000,0,never,7_mode,,"Still testing, based on 161,162, sr=0.24,0.24,0.093",,,,
171,PT_A_IIT,,20,NA,500,2000,0,701,1,0.15,0.9,0.25,200000,0,never,7_mode,,"Still testing, based on 161,162, sr=0.24,0.24,0.014",,,,
172,PT_A_IIT,,20,NA,500,2000,0,701,1,0.15,0.9,0.15,200000,0,never,7_mode,,"Still testing, based on 161,162, sr=0.24,0.24,0.014",,,,
173,PT_A_IIT,,100,NA,500,20000,0,701,1,0.15,0.9,0.15,1000000,0,never,7_mode,,"MAAAAL, la t3 y t4 está mal",,,,
174,PT_A_IIT,,100,NA,500,20000,0,701,1,0.15,0.9,0.15,1000000,0.0001,always,7_mode,,"MAAAAL, la t3 y t4 está mal",,,,
175,PT_A_IIT,,100,NA,500,20000,0,701,1,0.15,0.9,0.15,1000000,0.0001,iterations,7_mode,,"MAAAAL, la t3 y t4 está mal",,,,
176,PT_A_IIT,,100,NA,500,20000,0,701,1,0.15,0.9,0.15,1000000,0.001,always,7_mode,,"MAAAAL, la t3 y t4 está mal",,,,
177,PT_A_IIT,,100,NA,500,20000,0,701,1,0.15,0.9,0.15,1000000,0.001,iterations,7_mode,,"MAAAAL, la t3 y t4 está mal",,,,
178,PT_A_IIT,,100,NA,500,20000,0,701,1,0.15,0.9,0.15,1000000,0.1,always,7_mode,,"MAAAAL, la t3 y t4 está mal",,,,
179,PT_A_IIT,,100,NA,500,20000,0,701,1,0.15,0.9,0.15,1000000,0.1,iterations,7_mode,,"MAAAAL, la t3 y t4 está mal",,,,
180,PT_A_IIT,,100,NA,500,20000,0,701,1,0.15,0.9,0.15,1000000,1,always,7_mode,,"MAAAAL, la t3 y t4 está mal",,,,
181,PT_A_IIT,,100,NA,500,20000,0,701,1,0.15,0.9,0.15,1000000,1,iterations,7_mode,,"MAAAAL, la t3 y t4 está mal",,,,
182,PT_A_IIT,,5,NA,500,2000,0,701,1,0.15,0.1,,200000,0,never,7_mode,,"0.24,0.26",,,,
183,PT_A_IIT,,5,NA,500,2000,0,701,1,0.15,0.07,,200000,0,never,7_mode,,"0.25,0.145",,,,
184,PT_A_IIT,,5,NA,500,2000,0,701,1,0.15,0.05,,200000,0,never,7_mode,,"0.24,0.09",,,,
185,PT_A_IIT,,5,NA,500,2000,0,701,1,0.15,0.01,,200000,0,never,7_mode,,"0.248,0.028",,,,
186,PT_A_IIT,,5,NA,500,2000,0,701,1,0.15,0.1,0.05,200000,0,never,7_mode,,"Sr=0.25,0.26,0.24",,,,
187,PT_A_IIT,,5,NA,500,2000,0,701,1,0.15,0.9,0.03,200000,0,never,7_mode,,"Sr=0.24,0.25,0.0065",,,,
188,PT_A_IIT,,5,NA,500,2000,0,701,1,0.15,0.9,,200000,0,never,7_mode,,"Sr=0.25,0.25",,,,
189,PT_A_IIT,,100,NA,500,20000,0,701,1,0.15,0.9,0.05,1000000,0,never,7_mode,,JAJAJA otra vez está mal la t3,,,,
190,PT_A_IIT,,100,NA,500,20000,0,701,1,0.15,0.9,,1000000,0,never,7_mode,,JAJAJA otra vez está mal la t3,,,,
191,PT_A_IIT,,100,NA,500,20000,0,701,1,0.15,0.9,0.05,1000000,0.001,always,7_mode,,JAJAJA otra vez está mal la t3,,,,
192,PT_A_IIT,,100,NA,500,20000,0,701,1,0.15,0.9,,1000000,0.001,iterations,7_mode,,JAJAJA otra vez está mal la t3,,,,
193,PT_A_IIT,,100,NA,500,20000,0,701,1,0.15,0.9,0.05,1000000,0.1,always,7_mode,,JAJAJA otra vez está mal la t3,,,,
194,PT_A_IIT,,100,NA,500,20000,0,701,1,0.15,0.9,,1000000,0.1,iterations,7_mode,,JAJAJA otra vez está mal la t3,,,,
195,PT_A_IIT,,100,NA,500,20000,0,701,1,0.15,0.9,0.05,1000000,1,always,7_mode,,JAJAJA otra vez está mal la t3,,,,
196,PT_A_IIT,,100,NA,500,20000,0,701,1,0.15,0.9,,1000000,1,iterations,7_mode,,JAJAJA otra vez está mal la t3,,,,
197,PT_A_IIT,,5,NA,500,20000,0,701,1,0.15,0.09,,1000000,0,never,7_mode,,testing last temperature,,,,
198,PT_A_IIT,,5,NA,500,20000,0,701,1,0.15,0.1,,1000000,0,never,7_mode,,,,,,
199,PT_A_IIT,,1,NA,500,20000,0,65,1,0.15,0.1,,1000000,0,never,7_mode,,,,,,
200,PT_A_IIT,,1,NA,500,20000,0,65,1,0.15,0.11,,1000000,0,never,7_mode,,,,,,
201,PT_A_IIT,,100,NA,10,600000,0,70520,1,0.37,0.24,,0,0,never,bimodal,,Need to modify temperatures (bias fix),Time limit (10hr),Simulation 10 iteration 77001,Los maté en todos lados,
202,PT_IIT_Z,sq,100,6000000,10,NA,0,70520,1,0.37,0.15,,0,0,0,bimodal,,"Final results, pocos interswap",OK,En mercury,,
203,PT_IIT_Z,min,100,6000000,10,NA,0,70520,1,0.37,0.15,,0,0,0,bimodal,,"Final results, pocos interswap",OK,En mercury,,
204,PT_A_IIT_RF,sq,100,6000000,10,NA,0,70520,1,0.37,0.15,,0,0,never,bimodal,,"Final results, pocos interswap",OK,En mercury,,
205,PT_IIT_Z,sq,100,12000000,10,NA,0,70520,1,0.16,0.05,,0,0,0,7_mode,,"Final results, pocos interswap",OK,"Corrio en 24hr, 10GB ram, 12 cores",,
206,PT_IIT_Z,min,100,12000000,10,NA,0,70520,1,0.155,0.06,,0,0,0,7_mode,,"Final results, pocos interswap",OK,"Corrio en 26hr,10GB,12 cores",,
207,PT_A_IIT_RF,,100,12000000,10,NA,0,70520,1,0.155,0.055,,0,0,never,7_mode,,"Final results, pocos interswap",OK,"Corrio en 30hr,10GB,12 cores",,
208,PT_A_IIT,,100,NA,10,1200000,0,70520,1,0.15,0.095,,0,0,never,7_mode,,Need to modify temperatures (bias fix),"Time limit, se acabaron 10hr","13GB ram, 12 cores, Ya habia acabado",Los maté en todos lados,
209,PT_A_IIT,,100,NA,50,120000,0,20381,1,0.37,0.24,,0,0,never,bimodal,,Need to modify temperatures (bias fix),"Time limit, se le acabaron 40hr","2GB ram, 12 cores, sim 77",Los maté en todos lados,
210,PT_IIT_Z,sq,100,6000000,50,NA,0,20381,1,0.37,0.15,,0,0,0,bimodal,,"Final results, mas interswap",seems OK,,,
211,PT_IIT_Z,min,100,6000000,50,NA,0,20381,1,0.37,0.15,,0,0,0,bimodal,,"Final results, mas interswap",seems OK,,,
212,PT_A_IIT_RF,sq,100,6000000,50,NA,0,20381,1,0.37,0.15,,0,0,never,bimodal,,"Final results, mas interswap",seems OK,,,
213,PT_IIT_Z,sq,100,12000000,50,NA,0,20381,1,0.16,0.05,,0,0,0,7_mode,,"Final results, mas interswap",OK,"Corrio en 20hr, 3GB ram, 12 cores",,
214,PT_IIT_Z,min,100,12000000,50,NA,0,20381,1,0.155,0.06,,0,0,0,7_mode,,"Final results, mas interswap",OK,"Corrio en 20hr, 3GB ram, 12 cores",,
215,PT_A_IIT_RF,,100,12000000,50,NA,0,20381,1,0.155,0.055,,0,0,never,7_mode,,"Final results, mas interswap",OK,"Corrio en 24hr,3GB ram,12 cores",,
216,PT_A_IIT,,100,NA,50,240000,0,20381,1,0.15,0.095,,0,0,never,7_mode,,Need to modify temperatures (bias fix),seems OK,,,
217,PT_A_IIT,,1,NA,50,12000,0,66,1,0.37,0.24,,0,0,zero,bimodal,,checking bias... FIXING BIAS!!!,No se mando,,,
218,PT_A_IIT,,1,NA,50,10,0,66,1,0.37,0.24,,0,0,zero,bimodal,,checking bias,No se mando,,,
219,PT_A_IIT,,100,NA,10,600000,0,70520,1,0.37,0.24,,0,0,zero,bimodal,,Need to modify temperatures (bias fix),Time limit (10hr),simulation: 10 Swap: 537201,Los maté en todos lados,
220,PT_A_IIT,,100,NA,10,1200000,0,70520,1,0.15,0.095,,0,0,zero,7_mode,,Need to modify temperatures (bias fix),Time limit (10hr),"Ya habia terminado en 10r, 13GB ram,12cores",Los maté en todos lados,
221,PT_A_IIT,,100,NA,50,120000,0,20381,1,0.37,0.24,,0,0,zero,bimodal,,Need to modify temperatures (bias fix),Time limit (40hr),"Sim 65, 24k (en 24), sim 76 70k en 40",Los maté en todos lados,
222,PT_A_IIT,,100,NA,50,240000,0,20381,1,0.15,0.095,,0,0,zero,7_mode,,Need to modify temperatures (bias fix),seems OK,,,
223,PT_A_IIT,,1,NA,10,100000,0,70520,1,0.5,0.33,,100000,0,never,bimodal,,Finding new temperatures,,,,
224,PT_A_IIT,,1,NA,50,100000,0,20381,1,0.5,0.33,,100000,0,never,bimodal,,Finding new temperatures,,,,
225,PT_A_IIT,,1,NA,10,100000,0,70520,1,0.5,0.33,,100000,0,zero,bimodal,,Finding new temperatures,,,,
226,PT_A_IIT,,1,NA,50,100000,0,20381,1,0.5,0.33,,100000,0,zero,bimodal,,Finding new temperatures,,,,
227,PT_A_IIT,,1,NA,500,100000,0,20381,1,0.5,0.33,,100000,0,never,bimodal,,Finding new temperatures,,,,
228,PT_A_IIT,,1,NA,10,200000,0,70520,1,0.21,0.14,,100000,0,never,7_mode,,Finding new temperatures,,,,
229,PT_A_IIT,,1,NA,50,200000,0,20381,1,0.21,0.14,,100000,0,never,7_mode,,Finding new temperatures,,,,
230,PT_A_IIT,,1,NA,10,200000,0,70520,1,0.21,0.14,,100000,0,zero,7_mode,,Finding new temperatures,,,,
231,PT_A_IIT,,1,NA,50,200000,0,20381,1,0.21,0.14,,100000,0,zero,7_mode,,Finding new temperatures,,,,
232,PT_A_IIT,,100,NA,10,600000,0,9949,1,0.5,0.33,,0,0,never,bimodal,,"Final results, new temperatures",Running OK,,,
233,PT_A_IIT,,100,NA,50,120000,0,9949,1,0.5,0.33,,0,0,never,bimodal,,"Final results, new temperatures",Running OK,,,
234,PT_A_IIT,,100,NA,10,600000,0,9949,1,0.5,0.33,,0,0,zero,bimodal,,"Final results, new temperatures",Running OK,,,
235,PT_A_IIT,,100,NA,50,120000,0,9949,1,0.5,0.33,,0,0,zero,bimodal,,"Final results, new temperatures",Running OK,,,
236,PT_A_IIT,,100,NA,10,1200000,0,9949,1,0.21,0.14,,0,0,never,7_mode,,"Final results, new temperatures",Running OK,,,
237,PT_A_IIT,,100,NA,50,240000,0,9949,1,0.21,0.14,,0,0,never,7_mode,,"Final results, new temperatures",Running OK,,,
238,PT_A_IIT,,100,NA,10,1200000,0,9949,1,0.21,0.14,,0,0,zero,7_mode,,"Final results, new temperatures",Running OK,,,
239,PT_A_IIT,,100,NA,50,240000,0,9949,1,0.21,0.14,,0,0,zero,7_mode,,"Final results, new temperatures",Running OK,,,
242,PT_A_IIT,,100,NA,10,600000,0,901,1,0.49,0.34,,0,0,never,bimodal,,"Checking optimal interswap, fixing total iterations=6M","Run 5hr, 7GB ram, 10 cores",,,
243,PT_A_IIT,,100,NA,15,400000,0,901,1,0.49,0.34,,0,0,never,bimodal,,"Checking optimal interswap, fixing total iterations=6M","Run 3hr, 5GB ram, 10 cores",,,
244,PT_A_IIT,,100,NA,20,300000,0,901,1,0.49,0.34,,0,0,never,bimodal,,"Checking optimal interswap, fixing total iterations=6M","Run 3hr, 5GB ram, 10 cores",,,
245,PT_A_IIT,,100,NA,25,240000,0,901,1,0.49,0.34,,0,0,never,bimodal,,"Checking optimal interswap, fixing total iterations=6M","Run 3hr, 5GB ram, 10 cores",,,
246,PT_A_IIT,,100,NA,30,200000,0,901,1,0.49,0.34,,0,0,never,bimodal,,"Checking optimal interswap, fixing total iterations=6M","Run 2hr, 2GB ram, 10 cores",,,
247,PT_A_IIT,,100,NA,35,171429,0,901,1,0.49,0.34,,0,0,never,bimodal,,"Checking optimal interswap, fixing total iterations=6M","Run 2hr, 2GB ram, 10 cores",,,
248,PT_A_IIT,,100,NA,40,150000,0,901,1,0.49,0.34,,0,0,never,bimodal,,"Checking optimal interswap, fixing total iterations=6M","Run 2hr, 2GB ram, 10 cores",,,
249,PT_A_IIT,,100,NA,45,133333,0,901,1,0.49,0.34,,0,0,never,bimodal,,"Checking optimal interswap, fixing total iterations=6M","Run 2hr, 2GB ram, 10 cores",,,
250,PT_A_IIT,,100,NA,50,120000,0,901,1,0.49,0.34,,0,0,never,bimodal,,"Checking optimal interswap, fixing total iterations=6M","Run 2hr, 2GB ram, 10 cores",,,
251,PT_A_IIT,,100,NA,55,109091,0,901,1,0.49,0.34,,0,0,never,bimodal,,"Checking optimal interswap, fixing total iterations=6M","Run 2hr, 2GB ram, 10 cores",,,
252,PT_A_IIT,,100,NA,60,100000,0,901,1,0.49,0.34,,0,0,never,bimodal,,"Checking optimal interswap, fixing total iterations=6M","Run 2hr, 2GB ram, 10 cores",,,
253,PT_A_IIT,,100,NA,65,92308,0,901,1,0.49,0.34,,0,0,never,bimodal,,"Checking optimal interswap, fixing total iterations=6M","Run 2hr, 2GB ram, 10 cores",,,
254,PT_A_IIT,,100,NA,70,85714,0,901,1,0.49,0.34,,0,0,never,bimodal,,"Checking optimal interswap, fixing total iterations=6M","Run 2hr, 2GB ram, 10 cores",,,
255,PT_A_IIT,,100,NA,75,80000,0,901,1,0.49,0.34,,0,0,never,bimodal,,"Checking optimal interswap, fixing total iterations=6M","Run 2hr, 2GB ram, 10 cores",,,
256,PT_A_IIT,,100,NA,80,75000,0,901,1,0.49,0.34,,0,0,never,bimodal,,"Checking optimal interswap, fixing total iterations=6M","Run 2hr, 2GB ram, 10 cores",,,
257,PT_A_IIT,,100,NA,85,70588,0,901,1,0.49,0.34,,0,0,never,bimodal,,"Checking optimal interswap, fixing total iterations=6M","Run 2hr, 2GB ram, 10 cores",,,
258,PT_A_IIT,,100,NA,90,66667,0,901,1,0.49,0.34,,0,0,never,bimodal,,"Checking optimal interswap, fixing total iterations=6M","Run 2hr, 2GB ram, 10 cores",,,
259,PT_A_IIT,,100,NA,95,63158,0,901,1,0.49,0.34,,0,0,never,bimodal,,"Checking optimal interswap, fixing total iterations=6M","Run 2hr, 2GB ram, 10 cores",,,
260,PT_A_IIT,,100,NA,100,60000,0,901,1,0.49,0.34,,0,0,never,bimodal,,"Checking optimal interswap, fixing total iterations=6M","Run 2hr, 2GB ram, 10 cores",,,
261,PT_A_IIT,,100,NA,200,30000,0,901,1,0.49,0.34,,0,0,never,bimodal,,"Checking optimal interswap, fixing total iterations=6M","Run 2hr, 2GB ram, 10 cores",,,
262,PT_A_IIT,,100,NA,300,20000,0,901,1,0.49,0.34,,0,0,never,bimodal,,"Checking optimal interswap, fixing total iterations=6M","Run 2hr, 2GB ram, 10 cores",,,
263,PT_A_IIT,,100,NA,400,20000,0,901,1,0.49,0.34,,0,0,never,bimodal,,"Checking optimal interswap, fixing total iterations=6M","Run 2hr, 2GB ram, 10 cores",,,
264,PT_A_IIT,,100,NA,500,20000,0,901,1,0.49,0.34,,0,0,never,bimodal,,"Checking optimal interswap, fixing total iterations=6M","Run 2hr, 2GB ram, 10 cores",,,
265,PT_A_IIT,,100,NA,10,600000,0,901,1,0.49,0.34,,0,0,zero,bimodal,,"Checking optimal interswap, fixing total iterations=6M","Run 4hr, 8GB ram, 10 cores",,,
266,PT_A_IIT,,100,NA,15,400000,0,901,1,0.49,0.34,,0,0,zero,bimodal,,"Checking optimal interswap, fixing total iterations=6M","Run 4hr, 8GB ram, 10 cores",,,
267,PT_A_IIT,,100,NA,20,300000,0,901,1,0.49,0.34,,0,0,zero,bimodal,,"Checking optimal interswap, fixing total iterations=6M","Run 4hr, 8GB ram, 10 cores",,,
268,PT_A_IIT,,100,NA,25,240000,0,901,1,0.49,0.34,,0,0,zero,bimodal,,"Checking optimal interswap, fixing total iterations=6M","Run 4hr, 8GB ram, 10 cores",,,
269,PT_A_IIT,,100,NA,30,200000,0,901,1,0.49,0.34,,0,0,zero,bimodal,,"Checking optimal interswap, fixing total iterations=6M","Run 3hr, 4GB ram, 10 cores",,,
270,PT_A_IIT,,100,NA,35,171429,0,901,1,0.49,0.34,,0,0,zero,bimodal,,"Checking optimal interswap, fixing total iterations=6M","Run 3hr, 4GB ram, 10 cores",,,
271,PT_A_IIT,,100,NA,40,150000,0,901,1,0.49,0.34,,0,0,zero,bimodal,,"Checking optimal interswap, fixing total iterations=6M","Run 3hr, 4GB ram, 10 cores",,,
272,PT_A_IIT,,100,NA,45,133333,0,901,1,0.49,0.34,,0,0,zero,bimodal,,"Checking optimal interswap, fixing total iterations=6M","Run 3hr, 4GB ram, 10 cores",,,
273,PT_A_IIT,,100,NA,50,120000,0,901,1,0.49,0.34,,0,0,zero,bimodal,,"Checking optimal interswap, fixing total iterations=6M","Run 3hr, 4GB ram, 10 cores",,,
274,PT_A_IIT,,100,NA,55,109091,0,901,1,0.49,0.34,,0,0,zero,bimodal,,"Checking optimal interswap, fixing total iterations=6M","Run 3hr, 4GB ram, 10 cores",,,
275,PT_A_IIT,,100,NA,60,100000,0,901,1,0.49,0.34,,0,0,zero,bimodal,,"Checking optimal interswap, fixing total iterations=6M","Run 3hr, 4GB ram, 10 cores",,,
276,PT_A_IIT,,100,NA,65,92308,0,901,1,0.49,0.34,,0,0,zero,bimodal,,"Checking optimal interswap, fixing total iterations=6M","Run 3hr, 4GB ram, 10 cores",,,
277,PT_A_IIT,,100,NA,70,85714,0,901,1,0.49,0.34,,0,0,zero,bimodal,,"Checking optimal interswap, fixing total iterations=6M","Run 3hr, 4GB ram, 10 cores",,,
278,PT_A_IIT,,100,NA,75,80000,0,901,1,0.49,0.34,,0,0,zero,bimodal,,"Checking optimal interswap, fixing total iterations=6M","Run 3hr, 4GB ram, 10 cores",,,
279,PT_A_IIT,,100,NA,80,75000,0,901,1,0.49,0.34,,0,0,zero,bimodal,,"Checking optimal interswap, fixing total iterations=6M","Run 3hr, 4GB ram, 10 cores",,,
280,PT_A_IIT,,100,NA,85,70588,0,901,1,0.49,0.34,,0,0,zero,bimodal,,"Checking optimal interswap, fixing total iterations=6M","Run 3hr, 4GB ram, 10 cores",,,
281,PT_A_IIT,,100,NA,90,66667,0,901,1,0.49,0.34,,0,0,zero,bimodal,,"Checking optimal interswap, fixing total iterations=6M",,,,
282,PT_A_IIT,,100,NA,95,63158,0,901,1,0.49,0.34,,0,0,zero,bimodal,,"Checking optimal interswap, fixing total iterations=6M",,,,
283,PT_A_IIT,,100,NA,100,60000,0,901,1,0.49,0.34,,0,0,zero,bimodal,,"Checking optimal interswap, fixing total iterations=6M",,,,
284,PT_A_IIT,,100,NA,200,30000,0,901,1,0.49,0.34,,0,0,zero,bimodal,,"Checking optimal interswap, fixing total iterations=6M",,,,
285,PT_A_IIT,,100,NA,300,20000,0,901,1,0.49,0.34,,0,0,zero,bimodal,,"Checking optimal interswap, fixing total iterations=6M",,,,
286,PT_A_IIT,,100,NA,400,20000,0,901,1,0.49,0.34,,0,0,zero,bimodal,,"Checking optimal interswap, fixing total iterations=6M",,,,
287,PT_A_IIT,,100,NA,500,20000,0,901,1,0.49,0.34,,0,0,zero,bimodal,,"Checking optimal interswap, fixing total iterations=6M",,,,
288,PT_A_IIT,,100,NA,10,1200000,0,903,1,0.21,0.14,,0,0,never,7_mode,,"Checking optimal interswap, fixing total iterations=12M",Out of Memory 8GB,,,
289,PT_A_IIT,,100,NA,15,800000,0,903,1,0.21,0.14,,0,0,never,7_mode,,"Checking optimal interswap, fixing total iterations=12M",Out of Memory 8GB (Para el segundo export),,,
290,PT_A_IIT,,100,NA,20,600000,0,903,1,0.21,0.14,,0,0,never,7_mode,,"Checking optimal interswap, fixing total iterations=12M",,,,
291,PT_A_IIT,,100,NA,25,480000,0,903,1,0.21,0.14,,0,0,never,7_mode,,"Checking optimal interswap, fixing total iterations=12M",Out of Memory 8GB (Para el segundo export),,,
292,PT_A_IIT,,100,NA,30,400000,0,903,1,0.21,0.14,,0,0,never,7_mode,,"Checking optimal interswap, fixing total iterations=12M",,,,
293,PT_A_IIT,,100,NA,35,342857,0,903,1,0.21,0.14,,0,0,never,7_mode,,"Checking optimal interswap, fixing total iterations=12M",,,,
294,PT_A_IIT,,100,NA,40,300000,0,903,1,0.21,0.14,,0,0,never,7_mode,,"Checking optimal interswap, fixing total iterations=12M",,,,
295,PT_A_IIT,,100,NA,45,266667,0,903,1,0.21,0.14,,0,0,never,7_mode,,"Checking optimal interswap, fixing total iterations=12M",,,,
296,PT_A_IIT,,100,NA,50,240000,0,903,1,0.21,0.14,,0,0,never,7_mode,,"Checking optimal interswap, fixing total iterations=12M",,,,
297,PT_A_IIT,,100,NA,55,218182,0,903,1,0.21,0.14,,0,0,never,7_mode,,"Checking optimal interswap, fixing total iterations=12M",,,,
298,PT_A_IIT,,100,NA,60,200000,0,903,1,0.21,0.14,,0,0,never,7_mode,,"Checking optimal interswap, fixing total iterations=12M",,,,
299,PT_A_IIT,,100,NA,65,184615,0,903,1,0.21,0.14,,0,0,never,7_mode,,"Checking optimal interswap, fixing total iterations=12M",,,,
300,PT_A_IIT,,100,NA,70,171429,0,903,1,0.21,0.14,,0,0,never,7_mode,,"Checking optimal interswap, fixing total iterations=12M",,,,
301,PT_A_IIT,,100,NA,75,160000,0,903,1,0.21,0.14,,0,0,never,7_mode,,"Checking optimal interswap, fixing total iterations=12M",,,,
302,PT_A_IIT,,100,NA,80,150000,0,903,1,0.21,0.14,,0,0,never,7_mode,,"Checking optimal interswap, fixing total iterations=12M",,,,
303,PT_A_IIT,,100,NA,85,141176,0,903,1,0.21,0.14,,0,0,never,7_mode,,"Checking optimal interswap, fixing total iterations=12M",,,,
304,PT_A_IIT,,100,NA,90,133333,0,903,1,0.21,0.14,,0,0,never,7_mode,,"Checking optimal interswap, fixing total iterations=12M",,,,
305,PT_A_IIT,,100,NA,95,126316,0,903,1,0.21,0.14,,0,0,never,7_mode,,"Checking optimal interswap, fixing total iterations=12M",,,,
306,PT_A_IIT,,100,NA,100,120000,0,903,1,0.21,0.14,,0,0,never,7_mode,,"Checking optimal interswap, fixing total iterations=12M",,,,
307,PT_A_IIT,,100,NA,200,60000,0,903,1,0.21,0.14,,0,0,never,7_mode,,"Checking optimal interswap, fixing total iterations=12M",,,,
308,PT_A_IIT,,100,NA,300,40000,0,903,1,0.21,0.14,,0,0,never,7_mode,,"Checking optimal interswap, fixing total iterations=12M",,,,
309,PT_A_IIT,,100,NA,400,30000,0,903,1,0.21,0.14,,0,0,never,7_mode,,"Checking optimal interswap, fixing total iterations=12M",,,,
310,PT_A_IIT,,100,NA,500,24000,0,903,1,0.21,0.14,,0,0,never,7_mode,,"Checking optimal interswap, fixing total iterations=12M",,,,
311,PT_A_IIT,,100,NA,10,1200000,0,903,1,0.21,0.14,,0,0,zero,7_mode,,"Checking optimal interswap, fixing total iterations=12M",Out of Memory 8GB,,,
312,PT_A_IIT,,100,NA,15,800000,0,903,1,0.21,0.14,,0,0,zero,7_mode,,"Checking optimal interswap, fixing total iterations=12M",Out of Memory 8GB (Para el segundo export),,,
313,PT_A_IIT,,100,NA,20,600000,0,903,1,0.21,0.14,,0,0,zero,7_mode,,"Checking optimal interswap, fixing total iterations=12M",Out of Memory 8GB (Para el segundo export),,,
314,PT_A_IIT,,100,NA,25,480000,0,903,1,0.21,0.14,,0,0,zero,7_mode,,"Checking optimal interswap, fixing total iterations=12M",Out of Memory 8GB (Para el segundo export),,,
315,PT_A_IIT,,100,NA,30,400000,0,903,1,0.21,0.14,,0,0,zero,7_mode,,"Checking optimal interswap, fixing total iterations=12M",Out of Memory 8GB (Para el segundo export),,,
316,PT_A_IIT,,100,NA,35,342857,0,903,1,0.21,0.14,,0,0,zero,7_mode,,"Checking optimal interswap, fixing total iterations=12M",,,,
317,PT_A_IIT,,100,NA,40,300000,0,903,1,0.21,0.14,,0,0,zero,7_mode,,"Checking optimal interswap, fixing total iterations=12M",Out of Memory 8GB (Para el segundo export),,,
318,PT_A_IIT,,100,NA,45,266667,0,903,1,0.21,0.14,,0,0,zero,7_mode,,"Checking optimal interswap, fixing total iterations=12M",,,,
319,PT_A_IIT,,100,NA,50,240000,0,903,1,0.21,0.14,,0,0,zero,7_mode,,"Checking optimal interswap, fixing total iterations=12M",,,,
320,PT_A_IIT,,100,NA,55,218182,0,903,1,0.21,0.14,,0,0,zero,7_mode,,"Checking optimal interswap, fixing total iterations=12M",,,,
321,PT_A_IIT,,100,NA,60,200000,0,903,1,0.21,0.14,,0,0,zero,7_mode,,"Checking optimal interswap, fixing total iterations=12M",,,,
322,PT_A_IIT,,100,NA,65,184615,0,903,1,0.21,0.14,,0,0,zero,7_mode,,"Checking optimal interswap, fixing total iterations=12M",,,,
323,PT_A_IIT,,100,NA,70,171429,0,903,1,0.21,0.14,,0,0,zero,7_mode,,"Checking optimal interswap, fixing total iterations=12M",,,,
324,PT_A_IIT,,100,NA,75,160000,0,903,1,0.21,0.14,,0,0,zero,7_mode,,"Checking optimal interswap, fixing total iterations=12M",,,,
325,PT_A_IIT,,100,NA,80,150000,0,903,1,0.21,0.14,,0,0,zero,7_mode,,"Checking optimal interswap, fixing total iterations=12M",,,,
326,PT_A_IIT,,100,NA,85,141176,0,903,1,0.21,0.14,,0,0,zero,7_mode,,"Checking optimal interswap, fixing total iterations=12M",,,,
327,PT_A_IIT,,100,NA,90,133333,0,903,1,0.21,0.14,,0,0,zero,7_mode,,"Checking optimal interswap, fixing total iterations=12M",,,,
328,PT_A_IIT,,100,NA,95,126316,0,903,1,0.21,0.14,,0,0,zero,7_mode,,"Checking optimal interswap, fixing total iterations=12M",,,,
329,PT_A_IIT,,100,NA,100,120000,0,903,1,0.21,0.14,,0,0,zero,7_mode,,"Checking optimal interswap, fixing total iterations=12M",,,,
330,PT_A_IIT,,100,NA,200,60000,0,903,1,0.21,0.14,,0,0,zero,7_mode,,"Checking optimal interswap, fixing total iterations=12M",,,,
331,PT_A_IIT,,100,NA,300,40000,0,903,1,0.21,0.14,,0,0,zero,7_mode,,"Checking optimal interswap, fixing total iterations=12M",,,,
332,PT_A_IIT,,100,NA,400,30000,0,903,1,0.21,0.14,,0,0,zero,7_mode,,"Checking optimal interswap, fixing total iterations=12M",,,,
333,PT_A_IIT,,100,NA,500,24000,0,903,1,0.21,0.14,,0,0,zero,7_mode,,"Checking optimal interswap, fixing total iterations=12M",,,,
,,,,,,,,,,,,,,,,,,,,,,
335,PT_A_IIT,sq,10,NA,500,4000,0,,1,0.95,0.8,,5000,0,never,bimodal,,To check temperatures,,,,
336,PT_A_IIT,sq,10,NA,500,4000,0,,1,0.9,0.7,,5000,0,never,bimodal,,To check temperatures,,,,
337,PT_A_IIT,sq,10,NA,500,4000,0,,1,0.8,0.6,,5000,0,never,bimodal,,To check temperatures,,,,
338,PT_A_IIT,sq,10,NA,500,4000,0,,1,0.8,0.4,,5000,0,never,bimodal,,To check temperatures,,,,
339,PT_A_IIT,sq,10,NA,500,4000,0,,1,0.7,0.4,,5000,0,never,bimodal,,To check temperatures,,,,
340,PT_A_IIT,sq,10,NA,500,4000,0,,1,0.7,0.3,,5000,0,never,bimodal,,To check temperatures,,,,
341,PT_A_IIT,sq,10,NA,500,4000,0,,1,0.6,0.4,,5000,0,never,bimodal,,To check temperatures,,,,
342,PT_A_IIT,sq,10,NA,500,4000,0,,1,0.6,0.3,,5000,0,never,bimodal,,To check temperatures,,,,
343,PT_A_IIT,sq,10,NA,500,4000,0,,1,0.5,0.2,,5000,0,never,bimodal,,To check temperatures,,,,
344,PT_A_IIT,sq,10,NA,500,4000,0,,1,0.5,0.15,,5000,0,never,bimodal,,To check temperatures,,,,
345,PT_A_IIT,min,10,NA,500,4000,0,,1,0.95,0.8,,5000,0,never,bimodal,,To check temperatures,,,,
346,PT_A_IIT,min,10,NA,500,4000,0,,1,0.9,0.7,,5000,0,never,bimodal,,To check temperatures,,,,
347,PT_A_IIT,min,10,NA,500,4000,0,,1,0.8,0.6,,5000,0,never,bimodal,,To check temperatures,,,,
348,PT_A_IIT,min,10,NA,500,4000,0,,1,0.8,0.4,,5000,0,never,bimodal,,To check temperatures,,,,
349,PT_A_IIT,min,10,NA,500,4000,0,,1,0.7,0.4,,5000,0,never,bimodal,,To check temperatures,,,,
350,PT_A_IIT,min,10,NA,500,4000,0,,1,0.7,0.3,,5000,0,never,bimodal,,To check temperatures,,,,
351,PT_A_IIT,min,10,NA,500,4000,0,,1,0.6,0.4,,5000,0,never,bimodal,,To check temperatures,,,,
352,PT_A_IIT,min,10,NA,500,4000,0,,1,0.6,0.3,,5000,0,never,bimodal,,To check temperatures,,,,
353,PT_A_IIT,min,10,NA,500,4000,0,,1,0.5,0.2,,5000,0,never,bimodal,,To check temperatures,,,,
354,PT_A_IIT,min,10,NA,500,4000,0,,1,0.5,0.15,,5000,0,never,bimodal,,To check temperatures,,,,
355,PT_A_IIT,sq,10,NA,500,4000,0,,1,0.95,0.8,,5000,0,never,7_mode,,To check temperatures,,,,
356,PT_A_IIT,sq,10,NA,500,4000,0,,1,0.9,0.7,,5000,0,never,7_mode,,To check temperatures,,,,
357,PT_A_IIT,sq,10,NA,500,4000,0,,1,0.8,0.6,,5000,0,never,7_mode,,To check temperatures,,,,
358,PT_A_IIT,sq,10,NA,500,4000,0,,1,0.8,0.4,,5000,0,never,7_mode,,To check temperatures,,,,
359,PT_A_IIT,sq,10,NA,500,4000,0,,1,0.7,0.4,,5000,0,never,7_mode,,To check temperatures,,,,
360,PT_A_IIT,sq,10,NA,500,4000,0,,1,0.7,0.3,,5000,0,never,7_mode,,To check temperatures,,,,
361,PT_A_IIT,sq,10,NA,500,4000,0,,1,0.6,0.4,,5000,0,never,7_mode,,To check temperatures,,,,
362,PT_A_IIT,sq,10,NA,500,4000,0,,1,0.6,0.3,,5000,0,never,7_mode,,To check temperatures,,,,
363,PT_A_IIT,sq,10,NA,500,4000,0,,1,0.5,0.2,,5000,0,never,7_mode,,To check temperatures,,,,
364,PT_A_IIT,sq,10,NA,500,4000,0,,1,0.5,0.15,,5000,0,never,7_mode,,To check temperatures,,,,
365,PT_A_IIT,min,10,NA,500,4000,0,,1,0.95,0.8,,5000,0,never,7_mode,,To check temperatures,,,,
366,PT_A_IIT,min,10,NA,500,4000,0,,1,0.9,0.7,,5000,0,never,7_mode,,To check temperatures,,,,
367,PT_A_IIT,min,10,NA,500,4000,0,,1,0.8,0.6,,5000,0,never,7_mode,,To check temperatures,,,,
368,PT_A_IIT,min,10,NA,500,4000,0,,1,0.8,0.4,,5000,0,never,7_mode,,To check temperatures,,,,
369,PT_A_IIT,min,10,NA,500,4000,0,,1,0.7,0.4,,5000,0,never,7_mode,,To check temperatures,,,,
370,PT_A_IIT,min,10,NA,500,4000,0,,1,0.7,0.3,,5000,0,never,7_mode,,To check temperatures,,,,
371,PT_A_IIT,min,10,NA,500,4000,0,,1,0.6,0.4,,5000,0,never,7_mode,,To check temperatures,,,,
372,PT_A_IIT,min,10,NA,500,4000,0,,1,0.6,0.3,,5000,0,never,7_mode,,To check temperatures,,,,
373,PT_A_IIT,min,10,NA,500,4000,0,,1,0.5,0.2,,5000,0,never,7_mode,,To check temperatures,,,,
374,PT_A_IIT,min,10,NA,500,4000,0,,1,0.5,0.15,,5000,0,never,7_mode,,To check temperatures,,,,
375,PT_IIT_Z,sq,10,40000,5,NA,0,,1,0.95,0.8,,5000,0,never,bimodal,,To check temperatures,,,,
376,PT_IIT_Z,sq,10,40000,5,NA,0,,1,0.9,0.7,,5000,0,never,bimodal,,To check temperatures,,,,
377,PT_IIT_Z,sq,10,40000,5,NA,0,,1,0.8,0.6,,5000,0,never,bimodal,,To check temperatures,,,,
378,PT_IIT_Z,sq,10,40000,5,NA,0,,1,0.8,0.4,,5000,0,never,bimodal,,To check temperatures,,,,
379,PT_IIT_Z,sq,10,40000,5,NA,0,,1,0.7,0.4,,5000,0,never,bimodal,,To check temperatures,,,,
380,PT_IIT_Z,sq,10,40000,5,NA,0,,1,0.7,0.3,,5000,0,never,bimodal,,To check temperatures,,,,
381,PT_IIT_Z,sq,10,40000,5,NA,0,,1,0.6,0.4,,5000,0,never,bimodal,,To check temperatures,,,,
382,PT_IIT_Z,sq,10,40000,5,NA,0,,1,0.6,0.3,,5000,0,never,bimodal,,To check temperatures,,,,
383,PT_IIT_Z,sq,10,40000,5,NA,0,,1,0.5,0.2,,5000,0,never,bimodal,,To check temperatures,,,,
384,PT_IIT_Z,sq,10,40000,5,NA,0,,1,0.5,0.15,,5000,0,never,bimodal,,To check temperatures,,,,
385,PT_IIT_Z,min,10,40000,5,NA,0,,1,0.95,0.8,,5000,0,never,bimodal,,To check temperatures,,,,
386,PT_IIT_Z,min,10,40000,5,NA,0,,1,0.9,0.7,,5000,0,never,bimodal,,To check temperatures,,,,
387,PT_IIT_Z,min,10,40000,5,NA,0,,1,0.8,0.6,,5000,0,never,bimodal,,To check temperatures,,,,
388,PT_IIT_Z,min,10,40000,5,NA,0,,1,0.8,0.4,,5000,0,never,bimodal,,To check temperatures,,,,
389,PT_IIT_Z,min,10,40000,5,NA,0,,1,0.7,0.4,,5000,0,never,bimodal,,To check temperatures,,,,
390,PT_IIT_Z,min,10,40000,5,NA,0,,1,0.7,0.3,,5000,0,never,bimodal,,To check temperatures,,,,
391,PT_IIT_Z,min,10,40000,5,NA,0,,1,0.6,0.4,,5000,0,never,bimodal,,To check temperatures,,,,
392,PT_IIT_Z,min,10,40000,5,NA,0,,1,0.6,0.3,,5000,0,never,bimodal,,To check temperatures,,,,
393,PT_IIT_Z,min,10,40000,5,NA,0,,1,0.5,0.2,,5000,0,never,bimodal,,To check temperatures,,,,
394,PT_IIT_Z,min,10,40000,5,NA,0,,1,0.5,0.15,,5000,0,never,bimodal,,To check temperatures,,,,
395,PT_IIT_Z,sq,10,40000,5,NA,0,,1,0.95,0.8,,5000,0,never,7_mode,,To check temperatures,,,,
396,PT_IIT_Z,sq,10,40000,5,NA,0,,1,0.9,0.7,,5000,0,never,7_mode,,To check temperatures,,,,
397,PT_IIT_Z,sq,10,40000,5,NA,0,,1,0.8,0.6,,5000,0,never,7_mode,,To check temperatures,,,,
398,PT_IIT_Z,sq,10,40000,5,NA,0,,1,0.8,0.4,,5000,0,never,7_mode,,To check temperatures,,,,
399,PT_IIT_Z,sq,10,40000,5,NA,0,,1,0.7,0.4,,5000,0,never,7_mode,,To check temperatures,,,,
400,PT_IIT_Z,sq,10,40000,5,NA,0,,1,0.7,0.3,,5000,0,never,7_mode,,To check temperatures,,,,
401,PT_IIT_Z,sq,10,40000,5,NA,0,,1,0.6,0.4,,5000,0,never,7_mode,,To check temperatures,,,,
402,PT_IIT_Z,sq,10,40000,5,NA,0,,1,0.6,0.3,,5000,0,never,7_mode,,To check temperatures,,,,
403,PT_IIT_Z,sq,10,40000,5,NA,0,,1,0.5,0.2,,5000,0,never,7_mode,,To check temperatures,,,,
404,PT_IIT_Z,sq,10,40000,5,NA,0,,1,0.5,0.15,,5000,0,never,7_mode,,To check temperatures,,,,
405,PT_IIT_Z,min,10,40000,5,NA,0,,1,0.95,0.8,,5000,0,never,7_mode,,To check temperatures,,,,
406,PT_IIT_Z,min,10,40000,5,NA,0,,1,0.9,0.7,,5000,0,never,7_mode,,To check temperatures,,,,
407,PT_IIT_Z,min,10,40000,5,NA,0,,1,0.8,0.6,,5000,0,never,7_mode,,To check temperatures,,,,
408,PT_IIT_Z,min,10,40000,5,NA,0,,1,0.8,0.4,,5000,0,never,7_mode,,To check temperatures,,,,
409,PT_IIT_Z,min,10,40000,5,NA,0,,1,0.7,0.4,,5000,0,never,7_mode,,To check temperatures,,,,
410,PT_IIT_Z,min,10,40000,5,NA,0,,1,0.7,0.3,,5000,0,never,7_mode,,To check temperatures,,,,
411,PT_IIT_Z,min,10,40000,5,NA,0,,1,0.6,0.4,,5000,0,never,7_mode,,To check temperatures,,,,
412,PT_IIT_Z,min,10,40000,5,NA,0,,1,0.6,0.3,,5000,0,never,7_mode,,To check temperatures,,,,
413,PT_IIT_Z,min,10,40000,5,NA,0,,1,0.5,0.2,,5000,0,never,7_mode,,To check temperatures,,,,
414,PT_IIT_Z,min,10,40000,5,NA,0,,1,0.5,0.15,,5000,0,never,7_mode,,To check temperatures,,,,
415,PT_A_IIT,sq,10,NA,500,4000,0,,1,0.5,0.45,,5000,0,never,bimodal,,To check temperatures,,,,
416,PT_A_IIT,sq,10,NA,500,4000,0,,1,0.49,0.4,,5000,0,never,bimodal,,To check temperatures,,,,
417,PT_A_IIT,sq,10,NA,500,4000,0,,1,0.49,0.35,,5000,0,never,bimodal,,To check temperatures,,,,
418,PT_A_IIT,sq,10,NA,500,4000,0,,1,0.47,0.3,,5000,0,never,bimodal,,To check temperatures,,,,
419,PT_A_IIT,sq,10,NA,500,4000,0,,1,0.45,0.25,,5000,0,never,bimodal,,To check temperatures,,,,
420,PT_A_IIT,sq,10,NA,500,4000,0,,1,0.42,0.2,,5000,0,never,bimodal,,To check temperatures,,,,
421,PT_A_IIT,min,10,NA,500,4000,0,,1,0.5,0.4,,5000,0,never,bimodal,,To check temperatures,,,,
422,PT_A_IIT,min,10,NA,500,4000,0,,1,0.49,0.39,,5000,0,never,bimodal,,To check temperatures,,,,
423,PT_A_IIT,min,10,NA,500,4000,0,,1,0.49,0.35,,5000,0,never,bimodal,,To check temperatures,,,,
424,PT_A_IIT,min,10,NA,500,4000,0,,1,0.47,0.32,,5000,0,never,bimodal,,To check temperatures,,,,
425,PT_A_IIT,min,10,NA,500,4000,0,,1,0.45,0.3,,5000,0,never,bimodal,,To check temperatures,,,,
426,PT_A_IIT,min,10,NA,500,4000,0,,1,0.42,0.25,,5000,0,never,bimodal,,To check temperatures,,,,
427,PT_A_IIT,sq,10,NA,500,4000,0,,1,0.3,0.15,,5000,0,never,7_mode,,To check temperatures,,,,
428,PT_A_IIT,sq,10,NA,500,4000,0,,1,0.25,0.15,,5000,0,never,7_mode,,To check temperatures,,,,
429,PT_A_IIT,sq,10,NA,500,4000,0,,1,0.25,0.15,,5000,0,never,7_mode,,To check temperatures,,,,
430,PT_A_IIT,sq,10,NA,500,4000,0,,1,0.21,0.14,,5000,0,never,7_mode,,To check temperatures,,,,
431,PT_A_IIT,min,10,NA,500,4000,0,,1,0.3,0.15,,5000,0,never,7_mode,,To check temperatures,,,,
432,PT_A_IIT,min,10,NA,500,4000,0,,1,0.25,0.15,,5000,0,never,7_mode,,To check temperatures,,,,
433,PT_A_IIT,min,10,NA,500,4000,0,,1,0.25,0.15,,5000,0,never,7_mode,,To check temperatures,,,,
434,PT_A_IIT,min,10,NA,500,4000,0,,1,0.24,0.15,,5000,0,never,7_mode,,To check temperatures,,,,
435,PT_A_IIT,min,10,NA,500,4000,0,,1,0.21,0.14,,5000,0,never,7_mode,,To check temperatures,,,,
436,PT_IIT_Z,sq,10,40000,5,NA,0,,1,0.16,0.05,,5000,0,never,7_mode,,To check temperatures,,,,
437,PT_IIT_Z,sq,10,40000,5,NA,0,,1,0.17,0.06,,5000,0,never,7_mode,,To check temperatures,,,,
438,PT_IIT_Z,sq,10,40000,5,NA,0,,1,0.18,0.07,,5000,0,never,7_mode,,To check temperatures,,,,
439,PT_IIT_Z,sq,10,40000,5,NA,0,,1,0.19,0.08,,5000,0,never,7_mode,,To check temperatures,,,,
440,PT_IIT_Z,sq,10,40000,5,NA,0,,1,0.2,0.09,,5000,0,never,7_mode,,To check temperatures,,,,
441,PT_IIT_Z,min,10,40000,5,NA,0,,1,0.155,0.06,,5000,0,never,7_mode,,To check temperatures,,,,
442,PT_IIT_Z,min,10,40000,5,NA,0,,1,0.16,0.05,,5000,0,never,7_mode,,To check temperatures,,,,
443,PT_IIT_Z,min,10,40000,5,NA,0,,1,0.17,0.06,,5000,0,never,7_mode,,To check temperatures,,,,
444,PT_IIT_Z,min,10,40000,5,NA,0,,1,0.18,0.07,,5000,0,never,7_mode,,To check temperatures,,,,
445,PT_IIT_Z,min,10,40000,5,NA,0,,1,0.19,0.08,,5000,0,never,7_mode,,To check temperatures,,,,
446,PT_IIT_Z,min,10,40000,5,NA,0,,1,0.2,0.09,,5000,0,never,7_mode,,To check temperatures,,,,
447,PT_A_IIT,sq,10,NA,500,4000,0,,1,0.49,0.34,,5000,0,never,bimodal,,based on 417,,,,
448,PT_A_IIT,sq,10,NA,500,4000,0,,1,0.49,0.33,,5000,0,never,bimodal,,based on 417,,,,
449,PT_A_IIT,sq,10,NA,500,4000,0,,1,0.49,0.32,,5000,0,never,bimodal,,based on 417,,,,
450,PT_A_IIT,sq,10,NA,500,4000,0,,1,0.49,0.31,,5000,0,never,bimodal,,based on 417,,,,
451,PT_A_IIT,sq,10,NA,500,4000,0,,1,0.49,0.3,,5000,0,never,bimodal,,based on 417,,,,
452,PT_A_IIT,min,10,NA,500,4000,0,,1,0.49,0.34,,5000,0,never,bimodal,,based on 423,,,,
453,PT_A_IIT,min,10,NA,500,4000,0,,1,0.49,0.33,,5000,0,never,bimodal,,based on 423,,,,
454,PT_A_IIT,min,10,NA,500,4000,0,,1,0.49,0.32,,5000,0,never,bimodal,,based on 423,,,,
455,PT_A_IIT,min,10,NA,500,4000,0,,1,0.49,0.31,,5000,0,never,bimodal,,based on 423,,,,
456,PT_A_IIT,min,10,NA,500,4000,0,,1,0.49,0.3,,5000,0,never,bimodal,,based on 423,,,,
457,PT_A_IIT,sq,10,NA,500,4000,0,,1,0.31,0.23,,5000,0,never,7_mode,,based on 427,,,,
458,PT_A_IIT,sq,10,NA,500,4000,0,,1,0.31,0.22,,5000,0,never,7_mode,,based on 427,,,,
459,PT_A_IIT,sq,10,NA,500,4000,0,,1,0.31,0.21,,5000,0,never,7_mode,,based on 427,,,,
460,PT_A_IIT,sq,10,NA,500,4000,0,,1,0.31,0.2,,5000,0,never,7_mode,,based on 427,,,,
461,PT_A_IIT,sq,10,NA,500,4000,0,,1,0.31,0.19,,5000,0,never,7_mode,,based on 427,,,,
462,PT_A_IIT,sq,10,NA,500,4000,0,,1,0.31,0.18,,5000,0,never,7_mode,,based on 427,,,,
463,PT_A_IIT,min,10,NA,500,4000,0,,1,0.31,0.23,,5000,0,never,7_mode,,based on 431,,,,
464,PT_A_IIT,min,10,NA,500,4000,0,,1,0.31,0.22,,5000,0,never,7_mode,,based on 431,,,,
465,PT_A_IIT,min,10,NA,500,4000,0,,1,0.31,0.21,,5000,0,never,7_mode,,based on 431,,,,
466,PT_A_IIT,min,10,NA,500,4000,0,,1,0.31,0.2,,5000,0,never,7_mode,,based on 431,,,,
467,PT_A_IIT,min,10,NA,500,4000,0,,1,0.31,0.19,,5000,0,never,7_mode,,based on 431,,,,
468,PT_A_IIT,min,10,NA,500,4000,0,,1,0.31,0.18,,5000,0,never,7_mode,,based on 431,,,,
469,PT_IIT_Z,sq,10,40000,5,NA,0,,1,0.4,0.09,,5000,0,never,7_mode,,based on 440,,,,
470,PT_IIT_Z,sq,10,40000,5,NA,0,,1,0.35,0.09,,5000,0,never,7_mode,,based on 440,,,,
471,PT_IIT_Z,sq,10,40000,5,NA,0,,1,0.32,0.09,,5000,0,never,7_mode,,based on 440,,,,
472,PT_IIT_Z,sq,10,40000,5,NA,0,,1,0.3,0.09,,5000,0,never,7_mode,,based on 440,,,,
473,PT_IIT_Z,sq,10,40000,5,NA,0,,1,0.25,0.09,,5000,0,never,7_mode,,based on 440,,,,
474,PT_IIT_Z,sq,10,40000,5,NA,0,,1,0.4,0.17,,5000,0,never,7_mode,,based on 440,,,,
475,PT_IIT_Z,sq,10,40000,5,NA,0,,1,0.35,0.15,,5000,0,never,7_mode,,based on 440,,,,
476,PT_IIT_Z,sq,10,40000,5,NA,0,,1,0.32,0.15,,5000,0,never,7_mode,,based on 440,,,,
477,PT_IIT_Z,sq,10,40000,5,NA,0,,1,0.3,0.13,,5000,0,never,7_mode,,based on 440,,,,
478,PT_IIT_Z,sq,10,40000,5,NA,0,,1,0.25,0.1,,5000,0,never,7_mode,,based on 440,,,,
479,PT_IIT_Z,min,10,40000,5,NA,0,,1,0.4,0.09,,5000,0,never,7_mode,,based on 440,,,,
480,PT_IIT_Z,min,10,40000,5,NA,0,,1,0.35,0.09,,5000,0,never,7_mode,,based on 440,,,,
481,PT_IIT_Z,min,10,40000,5,NA,0,,1,0.32,0.09,,5000,0,never,7_mode,,based on 440,,,,
482,PT_IIT_Z,min,10,40000,5,NA,0,,1,0.3,0.09,,5000,0,never,7_mode,,based on 440,,,,
483,PT_IIT_Z,min,10,40000,5,NA,0,,1,0.25,0.09,,5000,0,never,7_mode,,based on 440,,,,
484,PT_IIT_Z,min,10,40000,5,NA,0,,1,0.4,0.17,,5000,0,never,7_mode,,based on 440,,,,
485,PT_IIT_Z,min,10,40000,5,NA,0,,1,0.35,0.15,,5000,0,never,7_mode,,based on 440,,,,
486,PT_IIT_Z,min,10,40000,5,NA,0,,1,0.32,0.15,,5000,0,never,7_mode,,based on 440,,,,
487,PT_IIT_Z,min,10,40000,5,NA,0,,1,0.3,0.13,,5000,0,never,7_mode,,based on 440,,,,
488,PT_IIT_Z,min,10,40000,5,NA,0,,1,0.25,0.1,,5000,0,never,7_mode,,based on 440,,,,
489,PT_IIT_Z,sq,10,40000,5,NA,0,,1,0.24,0.09,,5000,0,never,7_mode,,based on 478,,,,
490,PT_IIT_Z,sq,10,40000,5,NA,0,,1,0.23,0.09,,5000,0,never,7_mode,,based on 478,,,,
491,PT_IIT_Z,sq,10,40000,5,NA,0,,1,0.22,0.08,,5000,0,never,7_mode,,based on 478,,,,
492,PT_IIT_Z,sq,10,40000,5,NA,0,,1,0.21,0.07,,5000,0,never,7_mode,,based on 478,,,,
493,PT_IIT_Z,sq,10,40000,5,NA,0,,1,0.22,0.07,,5000,0,never,7_mode,,based on 478,,,,
494,PT_IIT_Z,sq,10,40000,5,NA,0,,1,0.22,0.07,,5000,0,never,7_mode,,based on 478,,,,
495,PT_IIT_Z,min,10,40000,5,NA,0,,1,0.24,0.09,,5000,0,never,7_mode,,based on 483,,,,
496,PT_IIT_Z,min,10,40000,5,NA,0,,1,0.23,0.08,,5000,0,never,7_mode,,based on 483,,,,
497,PT_IIT_Z,min,10,40000,5,NA,0,,1,0.23,0.07,,5000,0,never,7_mode,,based on 483,,,,
498,PT_IIT_Z,min,10,40000,5,NA,0,,1,0.22,0.07,,5000,0,never,7_mode,,based on 483,,,,
499,PT_IIT_Z,min,10,40000,5,NA,0,,1,0.22,0.06,,5000,0,never,7_mode,,based on 483,,,,
500,PT_IIT_Z,min,10,40000,5,NA,0,,1,0.21,0.06,,5000,0,never,7_mode,,based on 483,,,,
501,PT_IIT_Z,min,10,40000,5,NA,0,,1,0.21,0.05,,5000,0,never,7_mode,,based on 483,,,,
502,PT_IIT_Z,sq,10,40000,5,NA,0,,1,0.37,0.15,,5000,0,never,bimodal,,based on 202,,,,
503,PT_IIT_Z,sq,10,40000,5,NA,0,,1,0.37,0.16,,5000,0,never,bimodal,,based on 202,,,,
504,PT_IIT_Z,sq,10,40000,5,NA,0,,1,0.37,0.14,,5000,0,never,bimodal,,based on 202,,,,
505,PT_IIT_Z,sq,10,40000,5,NA,0,,1,0.38,0.15,,5000,0,never,bimodal,,based on 202,,,,
506,PT_IIT_Z,sq,10,40000,5,NA,0,,1,0.38,0.16,,5000,0,never,bimodal,,based on 202,,,,
507,PT_IIT_Z,sq,10,40000,5,NA,0,,1,0.38,0.14,,5000,0,never,bimodal,,based on 202,,,,
508,PT_IIT_Z,sq,10,40000,5,NA,0,,1,0.36,0.15,,5000,0,never,bimodal,,based on 202,,,,
509,PT_IIT_Z,sq,10,40000,5,NA,0,,1,0.36,0.16,,5000,0,never,bimodal,,based on 202,,,,
510,PT_IIT_Z,sq,10,40000,5,NA,0,,1,0.36,0.14,,5000,0,never,bimodal,,based on 202,,,,
511,PT_IIT_Z,min,10,40000,5,NA,0,,1,0.37,0.15,,5000,0,never,bimodal,,basde on 203,,,,
512,PT_IIT_Z,min,10,40000,5,NA,0,,1,0.37,0.16,,5000,0,never,bimodal,,basde on 203,,,,
513,PT_IIT_Z,min,10,40000,5,NA,0,,1,0.37,0.14,,5000,0,never,bimodal,,basde on 203,,,,
514,PT_IIT_Z,min,10,40000,5,NA,0,,1,0.38,0.15,,5000,0,never,bimodal,,basde on 203,,,,
515,PT_IIT_Z,min,10,40000,5,NA,0,,1,0.38,0.16,,5000,0,never,bimodal,,basde on 203,,,,
516,PT_IIT_Z,min,10,40000,5,NA,0,,1,0.38,0.14,,5000,0,never,bimodal,,basde on 203,,,,
517,PT_IIT_Z,min,10,40000,5,NA,0,,1,0.36,0.15,,5000,0,never,bimodal,,basde on 203,,,,
518,PT_IIT_Z,min,10,40000,5,NA,0,,1,0.36,0.16,,5000,0,never,bimodal,,basde on 203,,,,
519,PT_IIT_Z,min,10,40000,5,NA,0,,1,0.36,0.14,,5000,0,never,bimodal,,basde on 203,,,,
520,PT_A_IIT,sq,50,NA,500,4000,0,,1,0.49,0.33,0,5000,0,never,bimodal,,FINAL temps,,,,
521,PT_A_IIT,min,50,NA,500,4000,0,,1,0.49,0.33,0,5000,0,never,bimodal,,FINAL temps,,,,
522,PT_IIT_Z,sq,50,40000,5,NA,0,,1,0.37,0.15,0,5000,0,never,bimodal,,FINAL temps,,,,
523,PT_IIT_Z,min,50,40000,5,NA,0,,1,0.37,0.15,0,5000,0,never,bimodal,,FINAL temps,,,,
524,PT_A_IIT,sq,50,NA,500,4000,0,,1,0.31,0.21,0,5000,0,never,7_mode,,FINAL temps,,,,
525,PT_A_IIT,min,50,NA,500,4000,0,,1,0.31,0.21,0,5000,0,never,7_mode,,FINAL temps,,,,
526,PT_IIT_Z,sq,50,40000,5,NA,0,,1,0.23,0.08,0,5000,0,never,7_mode,,FINAL temps,,,,
527,PT_IIT_Z,min,50,40000,5,NA,0,,1,0.23,0.08,0,5000,0,never,7_mode,,FINAL temps,,,,
,,,,,,,,,,,,,,,,,,,,,,
,,,,,,,,,,,,,,,,,,,,,,
,,,,,,,,,,,,,,,,,,,,,,
522,PT_IIT_Z,sq,50,40000,5,NA,0,,1,0.37,0.15,0,5000,0,never,bimodal,,FINAL temps (incluyendo el 0),,,,
523,PT_IIT_Z,min,50,40000,5,NA,0,,1,0.37,0.16,0,5000,0,never,bimodal,,FINAL temps (incluyendo el 0),,,,
526,PT_IIT_Z,sq,50,40000,5,NA,0,,1,0.23,0.08,0,5000,0,never,7_mode,,FINAL temps (incluyendo el 0),,,,
527,PT_IIT_Z,min,50,40000,5,NA,0,,1,0.23,0.08,0,5000,0,never,7_mode,,FINAL temps (incluyendo el 0),,,,
,,,,,,,,,,,,,,,,,,,,,,
528,PT_A_IIT,sq,10,NA,500,4000,0,,1,0.49,0.33,0.27,5000,0,never,bimodal,,"based on 520, to find the 4th temperature",,,,
529,PT_A_IIT,sq,10,NA,500,4000,0,,1,0.49,0.33,0.26,5000,0,never,bimodal,,"based on 520, to find the 4th temperature",,,,
530,PT_A_IIT,sq,10,NA,500,4000,0,,1,0.49,0.33,0.25,5000,0,never,bimodal,,"based on 520, to find the 4th temperature",,,,
531,PT_A_IIT,sq,10,NA,500,4000,0,,1,0.49,0.33,0.24,5000,0,never,bimodal,,"based on 520, to find the 4th temperature",,,,
532,PT_A_IIT,sq,10,NA,500,4000,0,,1,0.49,0.33,0.23,5000,0,never,bimodal,,"based on 520, to find the 4th temperature",,,,
533,PT_A_IIT,sq,10,NA,500,4000,0,,1,0.49,0.33,0.22,5000,0,never,bimodal,,"based on 520, to find the 4th temperature",,,,
534,PT_A_IIT,sq,10,NA,500,4000,0,,1,0.49,0.33,0.21,5000,0,never,bimodal,,"based on 520, to find the 4th temperature",,,,
535,PT_A_IIT,sq,10,NA,500,4000,0,,1,0.49,0.33,0.2,5000,0,never,bimodal,,"based on 520, to find the 4th temperature",,,,
536,PT_A_IIT,sq,10,NA,500,4000,0,,1,0.49,0.33,0.19,5000,0,never,bimodal,,"based on 520, to find the 4th temperature",,,,
537,PT_A_IIT,sq,10,NA,500,4000,0,,1,0.49,0.33,0.18,5000,0,never,bimodal,,"based on 520, to find the 4th temperature",,,,
538,PT_A_IIT,sq,10,NA,500,4000,0,,1,0.49,0.33,0.17,5000,0,never,bimodal,,"based on 520, to find the 4th temperature",,,,
539,PT_A_IIT,sq,10,NA,500,4000,0,,1,0.49,0.33,0.16,5000,0,never,bimodal,,"based on 520, to find the 4th temperature",,,,
540,PT_A_IIT,sq,10,NA,500,4000,0,,1,0.49,0.33,0.15,5000,0,never,bimodal,,"based on 520, to find the 4th temperature",,,,
541,PT_A_IIT,sq,10,NA,500,4000,0,,1,0.49,0.33,0.14,5000,0,never,bimodal,,"based on 520, to find the 4th temperature",,,,
542,PT_A_IIT,sq,10,NA,500,4000,0,,1,0.49,0.33,0.13,5000,0,never,bimodal,,"based on 520, to find the 4th temperature",,,,
543,PT_A_IIT,sq,10,NA,500,4000,0,,1,0.49,0.33,0.12,5000,0,never,bimodal,,"based on 520, to find the 4th temperature",,,,
544,PT_A_IIT,sq,10,NA,500,4000,0,,1,0.49,0.33,0.11,5000,0,never,bimodal,,"based on 520, to find the 4th temperature",,,,
545,PT_A_IIT,sq,10,NA,500,4000,0,,1,0.49,0.33,0.01,5000,0,never,bimodal,,"based on 520, to find the 4th temperature",,,,
546,PT_A_IIT,min,10,NA,500,4000,0,,1,0.49,0.33,0.27,5000,0,never,bimodal,,FINAL temps,,,,
547,PT_A_IIT,min,10,NA,500,4000,0,,1,0.49,0.33,0.26,5000,0,never,bimodal,,FINAL temps,,,,
548,PT_A_IIT,min,10,NA,500,4000,0,,1,0.49,0.33,0.25,5000,0,never,bimodal,,FINAL temps,,,,
549,PT_A_IIT,min,10,NA,500,4000,0,,1,0.49,0.33,0.24,5000,0,never,bimodal,,FINAL temps,,,,
550,PT_A_IIT,min,10,NA,500,4000,0,,1,0.49,0.33,0.23,5000,0,never,bimodal,,FINAL temps,,,,
551,PT_A_IIT,min,10,NA,500,4000,0,,1,0.49,0.33,0.22,5000,0,never,bimodal,,FINAL temps,,,,
552,PT_A_IIT,min,10,NA,500,4000,0,,1,0.49,0.33,0.21,5000,0,never,bimodal,,FINAL temps,,,,
553,PT_A_IIT,min,10,NA,500,4000,0,,1,0.49,0.33,0.2,5000,0,never,bimodal,,FINAL temps,,,,
554,PT_A_IIT,min,10,NA,500,4000,0,,1,0.49,0.33,0.19,5000,0,never,bimodal,,FINAL temps,,,,
555,PT_A_IIT,min,10,NA,500,4000,0,,1,0.49,0.33,0.18,5000,0,never,bimodal,,FINAL temps,,,,
556,PT_A_IIT,min,10,NA,500,4000,0,,1,0.49,0.33,0.17,5000,0,never,bimodal,,FINAL temps,,,,
557,PT_A_IIT,min,10,NA,500,4000,0,,1,0.49,0.33,0.16,5000,0,never,bimodal,,FINAL temps,,,,
558,PT_A_IIT,min,10,NA,500,4000,0,,1,0.49,0.33,0.15,5000,0,never,bimodal,,FINAL temps,,,,
559,PT_A_IIT,min,10,NA,500,4000,0,,1,0.49,0.33,0.14,5000,0,never,bimodal,,FINAL temps,,,,
560,PT_A_IIT,min,10,NA,500,4000,0,,1,0.49,0.33,0.13,5000,0,never,bimodal,,FINAL temps,,,,
561,PT_A_IIT,min,10,NA,500,4000,0,,1,0.49,0.33,0.12,5000,0,never,bimodal,,FINAL temps,,,,
562,PT_A_IIT,min,10,NA,500,4000,0,,1,0.49,0.33,0.11,5000,0,never,bimodal,,FINAL temps,,,,
563,PT_A_IIT,min,10,NA,500,4000,0,,1,0.49,0.33,0.01,5000,0,never,bimodal,,FINAL temps,,,,
564,PT_A_IIT,sq,10,NA,500,4000,0,,1,0.31,0.21,0.18,5000,0,never,7_mode,,FINAL temps,,,,
565,PT_A_IIT,sq,10,NA,500,4000,0,,1,0.31,0.21,0.17,5000,0,never,7_mode,,FINAL temps,,,,
566,PT_A_IIT,sq,10,NA,500,4000,0,,1,0.31,0.21,0.16,5000,0,never,7_mode,,FINAL temps,,,,
567,PT_A_IIT,sq,10,NA,500,4000,0,,1,0.31,0.21,0.15,5000,0,never,7_mode,,FINAL temps,,,,
568,PT_A_IIT,sq,10,NA,500,4000,0,,1,0.31,0.21,0.14,5000,0,never,7_mode,,FINAL temps,,,,
569,PT_A_IIT,sq,10,NA,500,4000,0,,1,0.31,0.21,0.13,5000,0,never,7_mode,,FINAL temps,,,,
570,PT_A_IIT,sq,10,NA,500,4000,0,,1,0.31,0.21,0.12,5000,0,never,7_mode,,FINAL temps,,,,
571,PT_A_IIT,sq,10,NA,500,4000,0,,1,0.31,0.21,0.11,5000,0,never,7_mode,,FINAL temps,,,,
572,PT_A_IIT,sq,10,NA,500,4000,0,,1,0.31,0.21,0.1,5000,0,never,7_mode,,FINAL temps,,,,
573,PT_A_IIT,sq,10,NA,500,4000,0,,1,0.31,0.21,0.09,5000,0,never,7_mode,,FINAL temps,,,,
574,PT_A_IIT,sq,10,NA,500,4000,0,,1,0.31,0.21,0.08,5000,0,never,7_mode,,FINAL temps,,,,
575,PT_A_IIT,sq,10,NA,500,4000,0,,1,0.31,0.21,0.07,5000,0,never,7_mode,,FINAL temps,,,,
576,PT_A_IIT,min,10,NA,500,4000,0,,1,0.31,0.21,0.18,5000,0,never,7_mode,,FINAL temps,,,,
577,PT_A_IIT,min,10,NA,500,4000,0,,1,0.31,0.21,0.17,5000,0,never,7_mode,,FINAL temps,,,,
578,PT_A_IIT,min,10,NA,500,4000,0,,1,0.31,0.21,0.16,5000,0,never,7_mode,,FINAL temps,,,,
579,PT_A_IIT,min,10,NA,500,4000,0,,1,0.31,0.21,0.15,5000,0,never,7_mode,,FINAL temps,,,,
580,PT_A_IIT,min,10,NA,500,4000,0,,1,0.31,0.21,0.14,5000,0,never,7_mode,,FINAL temps,,,,
581,PT_A_IIT,min,10,NA,500,4000,0,,1,0.31,0.21,0.13,5000,0,never,7_mode,,FINAL temps,,,,
582,PT_A_IIT,min,10,NA,500,4000,0,,1,0.31,0.21,0.12,5000,0,never,7_mode,,FINAL temps,,,,
583,PT_A_IIT,min,10,NA,500,4000,0,,1,0.31,0.21,0.11,5000,0,never,7_mode,,FINAL temps,,,,
584,PT_A_IIT,min,10,NA,500,4000,0,,1,0.31,0.21,0.1,5000,0,never,7_mode,,FINAL temps,,,,
585,PT_A_IIT,min,10,NA,500,4000,0,,1,0.31,0.21,0.09,5000,0,never,7_mode,,FINAL temps,,,,
586,PT_A_IIT,min,10,NA,500,4000,0,,1,0.31,0.21,0.08,5000,0,never,7_mode,,FINAL temps,,,,
587,PT_A_IIT,min,10,NA,500,4000,0,,1,0.31,0.21,0.07,5000,0,never,7_mode,,FINAL temps,,,,
,,,,,,,,,,,,,,,,,,,,,,
,,,,,,,,,,,,,,,,,,,,,,
,,,,,,,,,,,,,,,,,,,,,,
,,,,,,,,,,,,,,,,,,,,,,
600,PT_A_IIT,sq,1,NA,1000,1000000,0,,1,0.49,0.33,0.22,1,0,never,bimodal,4,FINAL temps (incluyendo el 0),,,,X
601,PT_IIT_Z,sq,1,2000000,2,NA,0,,1,0.37,0.15,0,1,0,never,bimodal,4,FINAL temps (incluyendo el 0),,,,
602,PT_A_IIT,min,1,NA,1000,1000000,0,,1,0.49,0.33,0.22,1,0,never,bimodal,4,FINAL temps (incluyendo el 0),,,,
603,PT_IIT_Z,min,1,2000000,2,NA,0,,1,0.37,0.16,0,1,0,never,bimodal,4,FINAL temps (incluyendo el 0),,,,
604,PT_A_IIT,sq,1,NA,1000,1000000,0,,1,0.31,0.21,0.13,1,0,never,7_mode,4,FINAL temps (incluyendo el 0),,,,
605,PT_IIT_Z,sq,1,2000000,2,NA,0,,1,0.23,0.08,0,1,0,never,7_mode,4,FINAL temps (incluyendo el 0),,,,
606,PT_A_IIT,min,1,NA,1000,1000000,0,,1,0.31,0.21,0.14,1,0,never,7_mode,4,FINAL temps (incluyendo el 0),,,,
607,PT_IIT_Z,min,1,2000000,2,NA,0,,1,0.23,0.08,0,1,0,never,7_mode,4,FINAL temps (incluyendo el 0),,,,
608,PT_A_IIT,sq,1,NA,1000,1000000,0,,1,0.49,0.33,,1,0,never,bimodal,4,FINAL temps (incluyendo el 0),,,,
609,PT_IIT_Z,sq,1,2000000,2,NA,0,,1,0.37,0.15,,1,0,never,bimodal,4,FINAL temps (incluyendo el 0),,,,
610,PT_A_IIT,min,1,NA,1000,1000000,0,,1,0.49,0.33,,1,0,never,bimodal,4,FINAL temps (incluyendo el 0),,,,
611,PT_IIT_Z,min,1,2000000,2,NA,0,,1,0.37,0.16,,1,0,never,bimodal,4,FINAL temps (incluyendo el 0),,,,
612,PT_A_IIT,sq,1,NA,1000,1000000,0,,1,0.31,0.21,,1,0,never,7_mode,4,FINAL temps (incluyendo el 0),,,,X
613,PT_IIT_Z,sq,1,2000000,2,NA,0,,1,0.23,0.08,,1,0,never,7_mode,4,FINAL temps (incluyendo el 0),,,,X
614,PT_A_IIT,min,1,NA,1000,1000000,0,,1,0.31,0.21,,1,0,never,7_mode,4,FINAL temps (incluyendo el 0),,,,X
615,PT_IIT_Z,min,1,2000000,2,NA,0,,1,0.23,0.08,,1,0,never,7_mode,4,FINAL temps (incluyendo el 0),,,,X
616,PT_A_IIT,min,1,NA,300,1000000,0,,1,0.49,0.33,0.22,1,0,never,bimodal,4,Para checar min porque la temperatura 1 tiene mas iteraciones RF,,,,
617,PT_A_IIT,min,1,NA,300,1000000,0,,1,0.49,0.33,,1,0,never,bimodal,4,Para checar min porque la temperatura 1 tiene mas iteraciones RF,,,,
,,,,,,,,,,,,,,,,,,,,,,
,,,,,,,,,,,,,,,,,,,,,,
620,PT_A_IIT,sq,1,NA,2000,1000000,0,,1,0.49,0.33,0.22,1,0,never,bimodal,4,based on 600,,,,
621,PT_A_IIT,min,1,NA,250,1000000,0,,1,0.49,0.33,0.22,1,0,never,bimodal,4,based on 616,,,,
622,PT_A_IIT,sq,1,NA,2000,1000000,0,,1,0.31,0.21,0.13,1,0,never,7_mode,4,based on 604,,,,
623,PT_A_IIT,min,1,NA,2000,1000000,0,,1,0.31,0.21,0.14,1,0,never,7_mode,4,based on 606,,,,
624,PT_A_IIT,sq,1,NA,2000,1000000,0,,1,0.49,0.33,,1,0,never,bimodal,4,based on 608,,,,
625,PT_A_IIT,min,1,NA,250,1000000,0,,1,0.49,0.33,,1,0,never,bimodal,4,based on 617,,,,
626,PT_A_IIT,sq,1,NA,2000,1000000,0,,1,0.31,0.21,,1,0,never,7_mode,4,based on 612,,,,
627,PT_A_IIT,min,1,NA,2000,1000000,0,,1,0.31,0.21,,1,0,never,7_mode,4,based on 614,,,,
628,PT_A_IIT,sq,1,NA,2000,1000000,0,,1,0.49,0.33,0.22,1,0,never,bimodal,3,based on 600,,,,
629,PT_A_IIT,min,1,NA,250,1000000,0,,1,0.49,0.33,0.22,1,0,never,bimodal,3,based on 616,,,,
630,PT_A_IIT,sq,1,NA,2000,1000000,0,,1,0.31,0.21,0.13,1,0,never,7_mode,3,based on 604,,,,
631,PT_A_IIT,min,1,NA,2000,1000000,0,,1,0.31,0.21,0.14,1,0,never,7_mode,3,based on 606,,,,
632,PT_A_IIT,sq,1,NA,2000,1000000,0,,1,0.49,0.33,,1,0,never,bimodal,3,based on 608,,,,
633,PT_A_IIT,min,1,NA,250,1000000,0,,1,0.49,0.33,,1,0,never,bimodal,3,based on 617,,,,
634,PT_A_IIT,sq,1,NA,2000,1000000,0,,1,0.31,0.21,,1,0,never,7_mode,3,based on 612,,,,
635,PT_A_IIT,min,1,NA,2000,1000000,0,,1,0.31,0.21,,1,0,never,7_mode,3,based on 614,,,,
636,PT_A_IIT,sq,1,NA,2000,1000000,0,,1,0.49,0.33,0.22,1,0,never,bimodal,2,based on 600,,,,
637,PT_A_IIT,min,1,NA,250,1000000,0,,1,0.49,0.33,0.22,1,0,never,bimodal,2,based on 616,,,,
638,PT_A_IIT,sq,1,NA,2000,1000000,0,,1,0.31,0.21,0.13,1,0,never,7_mode,2,based on 604,,,,
639,PT_A_IIT,min,1,NA,2000,1000000,0,,1,0.31,0.21,0.14,1,0,never,7_mode,2,based on 606,,,,
640,PT_A_IIT,sq,1,NA,2000,1000000,0,,1,0.49,0.33,,1,0,never,bimodal,2,based on 608,,,,
641,PT_A_IIT,min,1,NA,250,1000000,0,,1,0.49,0.33,,1,0,never,bimodal,2,based on 617,,,,
642,PT_A_IIT,sq,1,NA,2000,1000000,0,,1,0.31,0.21,,1,0,never,7_mode,2,based on 612,,,,
643,PT_A_IIT,min,1,NA,2000,1000000,0,,1,0.31,0.21,,1,0,never,7_mode,2,based on 614,,,,
644,PT_A_IIT,sq,1,NA,2000,1000000,0,,1,0.49,0.33,0.22,1,0,never,bimodal,1,based on 600,,,,
645,PT_A_IIT,min,1,NA,250,1000000,0,,1,0.49,0.33,0.22,1,0,never,bimodal,1,based on 616,,,,
646,PT_A_IIT,sq,1,NA,2000,1000000,0,,1,0.31,0.21,0.13,1,0,never,7_mode,1,based on 604,,,,
647,PT_A_IIT,min,1,NA,2000,1000000,0,,1,0.31,0.21,0.14,1,0,never,7_mode,1,based on 606,,,,
648,PT_A_IIT,sq,1,NA,2000,1000000,0,,1,0.49,0.33,,1,0,never,bimodal,1,based on 608,,,,
649,PT_A_IIT,min,1,NA,250,1000000,0,,1,0.49,0.33,,1,0,never,bimodal,1,based on 617,,,,
650,PT_A_IIT,sq,1,NA,2000,1000000,0,,1,0.31,0.21,,1,0,never,7_mode,1,based on 612,,,,
651,PT_A_IIT,min,1,NA,2000,1000000,0,,1,0.31,0.21,,1,0,never,7_mode,1,based on 614,,,,
,,,,,,,,,,,,,,,,,,,,,,
,,,,,,,,,,,,,,,,,,,,,,
,,,,,,,,,,,,,,,,,,,,,,
655,PT_IIT_Z,sq,1,1000000,1,NA,0,,1,0.37,0.15,0,1,0,never,bimodal,4,FINAL temps (incluyendo el 0),,,,X
656,PT_IIT_Z,min,1,1000000,1,NA,0,,1,0.37,0.16,0,1,0,never,bimodal,4,FINAL temps (incluyendo el 0),,,,X
657,PT_IIT_Z,sq,1,1000000,1,NA,0,,1,0.23,0.08,0,1,0,never,7_mode,4,FINAL temps (incluyendo el 0),,,,
658,PT_IIT_Z,min,1,1000000,1,NA,0,,1,0.23,0.08,0,1,0,never,7_mode,4,FINAL temps (incluyendo el 0),,,,
659,PT_IIT_Z,sq,1,1000000,1,NA,0,,1,0.37,0.15,,1,0,never,bimodal,4,FINAL temps (incluyendo el 0),,,,
660,PT_IIT_Z,min,1,1000000,1,NA,0,,1,0.37,0.16,,1,0,never,bimodal,4,FINAL temps (incluyendo el 0),,,,
661,PT_IIT_Z,sq,1,1000000,1,NA,0,,1,0.23,0.08,,1,0,never,7_mode,4,FINAL temps (incluyendo el 0),,,,
662,PT_IIT_Z,min,1,1000000,1,NA,0,,1,0.23,0.08,,1,0,never,7_mode,4,FINAL temps (incluyendo el 0),,,,
,,,,,,,,,,,,,,,,,,,,,,
663,PT_A_IIT,min,1,NA,100,1000000,0,,1,0.49,0.33,0.22,1,0,never,bimodal,4,Para checar min porque la temperatura 1 tiene mas iteraciones RF,,,,X
664,PT_A_IIT,min,1,NA,100,1000000,0,,1,0.49,0.33,,1,0,never,bimodal,3,Para checar min porque la temperatura 1 tiene mas iteraciones RF,,,,
665,PT_A_IIT,min,1,NA,100,1000000,0,,1,0.49,0.33,0.22,1,0,never,bimodal,3,Para checar min porque la temperatura 1 tiene mas iteraciones RF,,,,
666,PT_A_IIT,min,1,NA,100,1000000,0,,1,0.49,0.33,,1,0,never,bimodal,2,Para checar min porque la temperatura 1 tiene mas iteraciones RF,,,,
667,PT_A_IIT,min,1,NA,100,1000000,0,,1,0.49,0.33,0.22,1,0,never,bimodal,2,Para checar min porque la temperatura 1 tiene mas iteraciones RF,,,,
668,PT_A_IIT,min,1,NA,100,1000000,0,,1,0.49,0.33,,1,0,never,bimodal,1,Para checar min porque la temperatura 1 tiene mas iteraciones RF,,,,
,,,,,,,,,,,,,,,,,,,,,,
671,PT_IIT_Z,sq,10,10000,2,NA,0,,1,0.15,0.002,,1,0,never,7_mode,4,FINAL temps (incluyendo el 0),,,,
672,PT_IIT_Z,sq,10,10000,2,NA,0,,1,0.15,0.002,,1,0,never,7_mode,4,FINAL temps (incluyendo el 0),,,,
673,PT_IIT_Z,sq,10,10000,2,NA,0,,1,0.15,0.002,,1,0,never,7_mode,4,FINAL temps (incluyendo el 0),,,,
674,PT_IIT_Z,sq,10,10000,2,NA,0,,1,0.15,0.002,,1,0,never,7_mode,4,FINAL temps (incluyendo el 0),,,,
675,PT_IIT_Z,sq,10,10000,2,NA,0,,1,0.15,0.002,,1,0,never,7_mode,4,FINAL temps (incluyendo el 0),,,,
676,PT_IIT_Z,sq,10,10000,2,NA,0,,1,0.15,0.002,,1,0,never,7_mode,4,FINAL temps (incluyendo el 0),,,,
677,PT_IIT_Z,sq,10,10000,2,NA,0,,1,0.15,0.002,,1,0,never,7_mode,4,FINAL temps (incluyendo el 0),,,,
,,,,,,,,,,,,,,,,,,,,,,
,,,,,,,,,,,,,,,,,,,,,,
,,,,,,,,,,,,,,,,,,,,,,
700,PT_IIT_Z,sq,1,2000000,2,NA,0,,1,0.15,0.002,,1,0,never,7_mode,4,,,,,2
701,PT_IIT_Z,min,1,2000000,2,NA,0,,1,0.155,0.002,,1,0,never,7_mode,4,,,,,2
702,PT_IIT_Z,sq,1,1000000,1,NA,0,,1,0.26,0.06,,1,0,never,bimodal,4,,,,,2
703,PT_IIT_Z,min,1,1000000,1,NA,0,,1,0.26,0.06,,1,0,never,bimodal,4,,,,,2
704,PT_IIT_Z,sq,1,1000000,1,NA,0,,1,0.26,0.06,0,1,0,never,bimodal,4,,,,,2
705,PT_IIT_Z,min,1,1000000,1,NA,0,,1,0.26,0.06,0,1,0,never,bimodal,4,,,,,2
